scanned_at,route_id,label,dest,origin,depart_date,price_usd,airline,stops,booking_url
2026-07-22T00:12:17+00:00,nrt-any,Tokyo (any airline),NRT,OAK,2026-07-24,820,Alaska,2,https://www.google.com/travel/flights?q=Flights%20from%20OAK%20to%20NRT%20on%202026-07-24%20one%20way
2026-07-22T09:37:22+00:00,nrt-any,Tokyo (any airline),NRT,OAK,2026-08-02,728,Alaska,2,https://www.google.com/travel/flights?q=Flights%20from%20OAK%20to%20NRT%20on%202026-08-02%20one%20way
2026-07-22T15:55:45+00:00,nrt-any,Tokyo (any airline),NRT,OAK,2026-08-08,690,Alaska,2,https://www.google.com/travel/flights?q=Flights%20from%20OAK%20to%20NRT%20on%202026-08-08%20one%20way
2026-07-21T20:56:05+00:00,nrt-any,Tokyo (any airline),NRT,OAK,2026-08-12,523,?,Unknown,https://www.google.com/travel/flights?q=Flights%20from%20OAK%20to%20NRT%20on%202026-08-12%20one%20way
2026-07-22T00:12:17+00:00,nrt-any,Tokyo (any airline),NRT,OAK,2026-08-17,542,?,Unknown,https://www.google.com/travel/flights?q=Flights%20from%20OAK%20to%20NRT%20on%202026-08-17%20one%20way
2026-07-22T09:37:22+00:00,nrt-any,Tokyo (any airline),NRT,OAK,2026-08-26,523,?,Unknown,https://www.google.com/travel/flights?q=Flights%20from%20OAK%20to%20NRT%20on%202026-08-26%20one%20way
2026-07-22T15:55:45+00:00,nrt-any,Tokyo (any airline),NRT,OAK,2026-09-01,550,"Alaska, Hainan",2,https://www.google.com/travel/flights?q=Flights%20from%20OAK%20to%20NRT%20on%202026-09-01%20one%20way
2026-07-21T20:56:05+00:00,nrt-any,Tokyo (any airline),NRT,OAK,2026-09-05,702,?,Unknown,https://www.google.com/travel/flights?q=Flights%20from%20OAK%20to%20NRT%20on%202026-09-05%20one%20way
2026-07-22T00:12:17+00:00,nrt-any,Tokyo (any airline),NRT,OAK,2026-09-10,698,"Alaska, China Airlines",2,https://www.google.com/travel/flights?q=Flights%20from%20OAK%20to%20NRT%20on%202026-09-10%20one%20way
2026-07-22T09:37:22+00:00,nrt-any,Tokyo (any airline),NRT,OAK,2026-09-19,612,"Alaska, Cathay Pacific",3,https://www.google.com/travel/flights?q=Flights%20from%20OAK%20to%20NRT%20on%202026-09-19%20one%20way
2026-07-22T15:55:45+00:00,nrt-any,Tokyo (any airline),NRT,OAK,2026-09-25,717,"Alaska, China Airlines",2,https://www.google.com/travel/flights?q=Flights%20from%20OAK%20to%20NRT%20on%202026-09-25%20one%20way
2026-07-21T20:56:05+00:00,nrt-any,Tokyo (any airline),NRT,OAK,2026-09-29,632,?,Unknown,https://www.google.com/travel/flights?q=Flights%20from%20OAK%20to%20NRT%20on%202026-09-29%20one%20way
2026-07-22T00:12:17+00:00,nrt-any,Tokyo (any airline),NRT,OAK,2026-10-04,717,?,Unknown,https://www.google.com/travel/flights?q=Flights%20from%20OAK%20to%20NRT%20on%202026-10-04%20one%20way
2026-07-22T09:37:22+00:00,nrt-any,Tokyo (any airline),NRT,OAK,2026-10-13,698,"Alaska, China Airlines",2,https://www.google.com/travel/flights?q=Flights%20from%20OAK%20to%20NRT%20on%202026-10-13%20one%20way
2026-07-22T15:55:45+00:00,nrt-any,Tokyo (any airline),NRT,OAK,2026-10-19,660,"Alaska, EVA Air",2,https://www.google.com/travel/flights?q=Flights%20from%20OAK%20to%20NRT%20on%202026-10-19%20one%20way
2026-07-21T20:56:05+00:00,nrt-any,Tokyo (any airline),NRT,OAK,2026-10-23,717,?,Unknown,https://www.google.com/travel/flights?q=Flights%20from%20OAK%20to%20NRT%20on%202026-10-23%20one%20way
2026-07-22T00:12:17+00:00,nrt-any,Tokyo (any airline),NRT,OAK,2026-10-28,708,Alaska,2,https://www.google.com/travel/flights?q=Flights%20from%20OAK%20to%20NRT%20on%202026-10-28%20one%20way
2026-07-22T09:37:22+00:00,nrt-any,Tokyo (any airline),NRT,OAK,2026-11-06,717,"Alaska, China Airlines",2,https://www.google.com/travel/flights?q=Flights%20from%20OAK%20to%20NRT%20on%202026-11-06%20one%20way
2026-07-22T15:55:45+00:00,nrt-any,Tokyo (any airline),NRT,OAK,2026-11-12,698,"Alaska, China Airlines",2,https://www.google.com/travel/flights?q=Flights%20from%20OAK%20to%20NRT%20on%202026-11-12%20one%20way
2026-07-21T20:56:05+00:00,nrt-any,Tokyo (any airline),NRT,OAK,2026-11-16,577,"Alaska, Hainan",2,https://www.google.com/travel/flights?q=Flights%20from%20OAK%20to%20NRT%20on%202026-11-16%20one%20way
2026-07-22T00:12:17+00:00,nrt-any,Tokyo (any airline),NRT,OAK,2026-11-21,764,"Alaska, EVA Air",2,https://www.google.com/travel/flights?q=Flights%20from%20OAK%20to%20NRT%20on%202026-11-21%20one%20way
2026-07-22T09:37:22+00:00,nrt-any,Tokyo (any airline),NRT,OAK,2026-11-30,692,"Alaska, Hainan",2,https://www.google.com/travel/flights?q=Flights%20from%20OAK%20to%20NRT%20on%202026-11-30%20one%20way
2026-07-22T15:55:45+00:00,nrt-any,Tokyo (any airline),NRT,OAK,2026-12-06,764,Alaska,2,https://www.google.com/travel/flights?q=Flights%20from%20OAK%20to%20NRT%20on%202026-12-06%20one%20way
2026-07-21T20:56:05+00:00,nrt-any,Tokyo (any airline),NRT,OAK,2026-12-10,957,?,Unknown,https://www.google.com/travel/flights?q=Flights%20from%20OAK%20to%20NRT%20on%202026-12-10%20one%20way
2026-07-22T00:12:17+00:00,nrt-any,Tokyo (any airline),NRT,OAK,2026-12-15,1198,"Alaska, STARLUX Airlines",2,https://www.google.com/travel/flights?q=Flights%20from%20OAK%20to%20NRT%20on%202026-12-15%20one%20way
2026-07-22T09:37:22+00:00,nrt-any,Tokyo (any airline),NRT,OAK,2026-12-24,837,?,Unknown,https://www.google.com/travel/flights?q=Flights%20from%20OAK%20to%20NRT%20on%202026-12-24%20one%20way
2026-07-22T15:55:45+00:00,nrt-any,Tokyo (any airline),NRT,OAK,2026-12-30,796,Alaska,2,https://www.google.com/travel/flights?q=Flights%20from%20OAK%20to%20NRT%20on%202026-12-30%20one%20way
2026-07-21T20:56:05+00:00,nrt-any,Tokyo (any airline),NRT,OAK,2027-01-03,974,Alaska,2,https://www.google.com/travel/flights?q=Flights%20from%20OAK%20to%20NRT%20on%202027-01-03%20one%20way
2026-07-22T00:12:17+00:00,nrt-any,Tokyo (any airline),NRT,OAK,2027-01-08,764,"Alaska, China Airlines",2,https://www.google.com/travel/flights?q=Flights%20from%20OAK%20to%20NRT%20on%202027-01-08%20one%20way
2026-07-22T09:37:22+00:00,nrt-any,Tokyo (any airline),NRT,OAK,2027-01-17,690,?,Unknown,https://www.google.com/travel/flights?q=Flights%20from%20OAK%20to%20NRT%20on%202027-01-17%20one%20way
2026-07-22T15:55:45+00:00,nrt-any,Tokyo (any airline),NRT,OAK,2027-01-23,681,Alaska,2,https://www.google.com/travel/flights?q=Flights%20from%20OAK%20to%20NRT%20on%202027-01-23%20one%20way
2026-07-21T20:56:05+00:00,nrt-any,Tokyo (any airline),NRT,OAK,2027-01-27,721,Alaska,2,https://www.google.com/travel/flights?q=Flights%20from%20OAK%20to%20NRT%20on%202027-01-27%20one%20way
2026-07-22T00:12:17+00:00,nrt-any,Tokyo (any airline),NRT,OAK,2027-02-01,743,Alaska,2,https://www.google.com/travel/flights?q=Flights%20from%20OAK%20to%20NRT%20on%202027-02-01%20one%20way
2026-07-22T09:37:22+00:00,nrt-any,Tokyo (any airline),NRT,OAK,2027-02-10,789,?,Unknown,https://www.google.com/travel/flights?q=Flights%20from%20OAK%20to%20NRT%20on%202027-02-10%20one%20way
2026-07-22T15:55:45+00:00,nrt-any,Tokyo (any airline),NRT,OAK,2027-02-16,745,?,Unknown,https://www.google.com/travel/flights?q=Flights%20from%20OAK%20to%20NRT%20on%202027-02-16%20one%20way
2026-07-21T20:56:05+00:00,nrt-any,Tokyo (any airline),NRT,OAK,2027-02-20,743,Alaska,2,https://www.google.com/travel/flights?q=Flights%20from%20OAK%20to%20NRT%20on%202027-02-20%20one%20way
2026-07-22T00:12:17+00:00,nrt-any,Tokyo (any airline),NRT,OAK,2027-02-25,745,"Alaska, China Airlines",2,https://www.google.com/travel/flights?q=Flights%20from%20OAK%20to%20NRT%20on%202027-02-25%20one%20way
2026-07-22T09:37:22+00:00,nrt-any,Tokyo (any airline),NRT,OAK,2027-03-06,745,"Alaska, China Airlines",2,https://www.google.com/travel/flights?q=Flights%20from%20OAK%20to%20NRT%20on%202027-03-06%20one%20way
2026-07-22T15:55:45+00:00,nrt-any,Tokyo (any airline),NRT,OAK,2027-03-12,764,"Alaska, China Airlines",2,https://www.google.com/travel/flights?q=Flights%20from%20OAK%20to%20NRT%20on%202027-03-12%20one%20way
2026-07-21T20:56:05+00:00,nrt-any,Tokyo (any airline),NRT,OAK,2027-03-16,745,?,Unknown,https://www.google.com/travel/flights?q=Flights%20from%20OAK%20to%20NRT%20on%202027-03-16%20one%20way
2026-07-22T00:12:17+00:00,nrt-any,Tokyo (any airline),NRT,OAK,2027-03-21,851,"Alaska, EVA Air",2,https://www.google.com/travel/flights?q=Flights%20from%20OAK%20to%20NRT%20on%202027-03-21%20one%20way
2026-07-22T09:37:22+00:00,nrt-any,Tokyo (any airline),NRT,OAK,2027-03-30,831,?,Unknown,https://www.google.com/travel/flights?q=Flights%20from%20OAK%20to%20NRT%20on%202027-03-30%20one%20way
2026-07-22T15:55:45+00:00,nrt-any,Tokyo (any airline),NRT,OAK,2027-04-05,690,?,Unknown,https://www.google.com/travel/flights?q=Flights%20from%20OAK%20to%20NRT%20on%202027-04-05%20one%20way
2026-07-21T20:56:05+00:00,nrt-any,Tokyo (any airline),NRT,OAK,2027-04-09,842,"Alaska, EVA Air",2,https://www.google.com/travel/flights?q=Flights%20from%20OAK%20to%20NRT%20on%202027-04-09%20one%20way
2026-07-22T00:12:17+00:00,nrt-any,Tokyo (any airline),NRT,OAK,2027-04-14,754,?,Unknown,https://www.google.com/travel/flights?q=Flights%20from%20OAK%20to%20NRT%20on%202027-04-14%20one%20way
2026-07-22T09:37:22+00:00,nrt-any,Tokyo (any airline),NRT,OAK,2027-04-23,779,"Alaska, STARLUX Airlines",2,https://www.google.com/travel/flights?q=Flights%20from%20OAK%20to%20NRT%20on%202027-04-23%20one%20way
2026-07-22T15:55:45+00:00,nrt-any,Tokyo (any airline),NRT,OAK,2027-04-29,745,"Alaska, China Airlines",2,https://www.google.com/travel/flights?q=Flights%20from%20OAK%20to%20NRT%20on%202027-04-29%20one%20way
2026-07-21T20:56:05+00:00,nrt-any,Tokyo (any airline),NRT,OAK,2027-05-03,756,"Alaska, EVA Air",2,https://www.google.com/travel/flights?q=Flights%20from%20OAK%20to%20NRT%20on%202027-05-03%20one%20way
2026-07-22T00:12:17+00:00,nrt-any,Tokyo (any airline),NRT,OAK,2027-05-08,754,"Alaska, STARLUX Airlines",2,https://www.google.com/travel/flights?q=Flights%20from%20OAK%20to%20NRT%20on%202027-05-08%20one%20way
2026-07-22T09:37:22+00:00,nrt-any,Tokyo (any airline),NRT,OAK,2027-05-17,690,?,Unknown,https://www.google.com/travel/flights?q=Flights%20from%20OAK%20to%20NRT%20on%202027-05-17%20one%20way
2026-07-22T15:55:45+00:00,nrt-any,Tokyo (any airline),NRT,OAK,2027-05-23,1003,"Alaska, Cathay Pacific",3,https://www.google.com/travel/flights?q=Flights%20from%20OAK%20to%20NRT%20on%202027-05-23%20one%20way
2026-07-21T20:56:05+00:00,nrt-any,Tokyo (any airline),NRT,OAK,2027-05-27,1127,"Alaska, EVA Air",2,https://www.google.com/travel/flights?q=Flights%20from%20OAK%20to%20NRT%20on%202027-05-27%20one%20way
2026-07-22T00:12:17+00:00,nrt-any,Tokyo (any airline),NRT,OAK,2027-06-01,1003,"Alaska, Cathay Pacific",2,https://www.google.com/travel/flights?q=Flights%20from%20OAK%20to%20NRT%20on%202027-06-01%20one%20way
2026-07-22T09:37:22+00:00,nrt-any,Tokyo (any airline),NRT,OAK,2027-06-10,1063,"Alaska, Cathay Pacific",3,https://www.google.com/travel/flights?q=Flights%20from%20OAK%20to%20NRT%20on%202027-06-10%20one%20way
2026-07-22T00:12:17+00:00,nrt-any,Tokyo (any airline),NRT,SFO,2026-07-24,284,?,Unknown,https://www.google.com/travel/flights?q=Flights%20from%20SFO%20to%20NRT%20on%202026-07-24%20one%20way
2026-07-22T09:37:22+00:00,nrt-any,Tokyo (any airline),NRT,SFO,2026-08-02,284,ZIPAIR Tokyo,0,https://www.google.com/travel/flights?q=Flights%20from%20SFO%20to%20NRT%20on%202026-08-02%20one%20way
2026-07-22T15:55:45+00:00,nrt-any,Tokyo (any airline),NRT,SFO,2026-08-08,284,ZIPAIR Tokyo,0,https://www.google.com/travel/flights?q=Flights%20from%20SFO%20to%20NRT%20on%202026-08-08%20one%20way
2026-07-21T20:56:05+00:00,nrt-any,Tokyo (any airline),NRT,SFO,2026-08-12,284,ZIPAIR Tokyo,0,https://www.google.com/travel/flights?q=Flights%20from%20SFO%20to%20NRT%20on%202026-08-12%20one%20way
2026-07-22T00:12:17+00:00,nrt-any,Tokyo (any airline),NRT,SFO,2026-08-17,284,?,Unknown,https://www.google.com/travel/flights?q=Flights%20from%20SFO%20to%20NRT%20on%202026-08-17%20one%20way
2026-07-22T09:37:22+00:00,nrt-any,Tokyo (any airline),NRT,SFO,2026-08-26,284,ZIPAIR Tokyo,0,https://www.google.com/travel/flights?q=Flights%20from%20SFO%20to%20NRT%20on%202026-08-26%20one%20way
2026-07-22T15:55:45+00:00,nrt-any,Tokyo (any airline),NRT,SFO,2026-09-01,464,Cathay Pacific,1,https://www.google.com/travel/flights?q=Flights%20from%20SFO%20to%20NRT%20on%202026-09-01%20one%20way
2026-07-21T20:56:05+00:00,nrt-any,Tokyo (any airline),NRT,SFO,2026-09-05,534,Cathay Pacific,1,https://www.google.com/travel/flights?q=Flights%20from%20SFO%20to%20NRT%20on%202026-09-05%20one%20way
2026-07-22T00:12:17+00:00,nrt-any,Tokyo (any airline),NRT,SFO,2026-09-10,284,ZIPAIR Tokyo,0,https://www.google.com/travel/flights?q=Flights%20from%20SFO%20to%20NRT%20on%202026-09-10%20one%20way
2026-07-22T09:37:22+00:00,nrt-any,Tokyo (any airline),NRT,SFO,2026-09-19,602,STARLUX Airlines,1,https://www.google.com/travel/flights?q=Flights%20from%20SFO%20to%20NRT%20on%202026-09-19%20one%20way
2026-07-22T15:55:45+00:00,nrt-any,Tokyo (any airline),NRT,SFO,2026-09-25,602,STARLUX Airlines,1,https://www.google.com/travel/flights?q=Flights%20from%20SFO%20to%20NRT%20on%202026-09-25%20one%20way
2026-07-21T20:56:05+00:00,nrt-any,Tokyo (any airline),NRT,SFO,2026-09-29,476,Philippine Airlines,1,https://www.google.com/travel/flights?q=Flights%20from%20SFO%20to%20NRT%20on%202026-09-29%20one%20way
2026-07-22T00:12:17+00:00,nrt-any,Tokyo (any airline),NRT,SFO,2026-10-04,476,Philippine Airlines,1,https://www.google.com/travel/flights?q=Flights%20from%20SFO%20to%20NRT%20on%202026-10-04%20one%20way
2026-07-22T09:37:22+00:00,nrt-any,Tokyo (any airline),NRT,SFO,2026-10-13,484,?,Unknown,https://www.google.com/travel/flights?q=Flights%20from%20SFO%20to%20NRT%20on%202026-10-13%20one%20way
2026-07-22T15:55:45+00:00,nrt-any,Tokyo (any airline),NRT,SFO,2026-10-19,484,ZIPAIR Tokyo,0,https://www.google.com/travel/flights?q=Flights%20from%20SFO%20to%20NRT%20on%202026-10-19%20one%20way
2026-07-21T20:56:05+00:00,nrt-any,Tokyo (any airline),NRT,SFO,2026-10-23,515,Philippine Airlines,1,https://www.google.com/travel/flights?q=Flights%20from%20SFO%20to%20NRT%20on%202026-10-23%20one%20way
2026-07-22T00:12:17+00:00,nrt-any,Tokyo (any airline),NRT,SFO,2026-10-28,484,?,Unknown,https://www.google.com/travel/flights?q=Flights%20from%20SFO%20to%20NRT%20on%202026-10-28%20one%20way
2026-07-22T09:37:22+00:00,nrt-any,Tokyo (any airline),NRT,SFO,2026-11-06,515,?,Unknown,https://www.google.com/travel/flights?q=Flights%20from%20SFO%20to%20NRT%20on%202026-11-06%20one%20way
2026-07-22T15:55:45+00:00,nrt-any,Tokyo (any airline),NRT,SFO,2026-11-12,476,Philippine Airlines,1,https://www.google.com/travel/flights?q=Flights%20from%20SFO%20to%20NRT%20on%202026-11-12%20one%20way
2026-07-21T20:56:05+00:00,nrt-any,Tokyo (any airline),NRT,SFO,2026-11-16,476,Philippine Airlines,1,https://www.google.com/travel/flights?q=Flights%20from%20SFO%20to%20NRT%20on%202026-11-16%20one%20way
2026-07-22T00:12:17+00:00,nrt-any,Tokyo (any airline),NRT,SFO,2026-11-21,642,STARLUX Airlines,1,https://www.google.com/travel/flights?q=Flights%20from%20SFO%20to%20NRT%20on%202026-11-21%20one%20way
2026-07-22T09:37:22+00:00,nrt-any,Tokyo (any airline),NRT,SFO,2026-11-30,409,ZIPAIR Tokyo,0,https://www.google.com/travel/flights?q=Flights%20from%20SFO%20to%20NRT%20on%202026-11-30%20one%20way
2026-07-22T15:55:45+00:00,nrt-any,Tokyo (any airline),NRT,SFO,2026-12-06,409,ZIPAIR Tokyo,0,https://www.google.com/travel/flights?q=Flights%20from%20SFO%20to%20NRT%20on%202026-12-06%20one%20way
2026-07-21T20:56:05+00:00,nrt-any,Tokyo (any airline),NRT,SFO,2026-12-10,459,?,Unknown,https://www.google.com/travel/flights?q=Flights%20from%20SFO%20to%20NRT%20on%202026-12-10%20one%20way
2026-07-22T00:12:17+00:00,nrt-any,Tokyo (any airline),NRT,SFO,2026-12-15,634,ZIPAIR Tokyo,0,https://www.google.com/travel/flights?q=Flights%20from%20SFO%20to%20NRT%20on%202026-12-15%20one%20way
2026-07-22T09:37:22+00:00,nrt-any,Tokyo (any airline),NRT,SFO,2026-12-24,559,ZIPAIR Tokyo,0,https://www.google.com/travel/flights?q=Flights%20from%20SFO%20to%20NRT%20on%202026-12-24%20one%20way
2026-07-22T15:55:45+00:00,nrt-any,Tokyo (any airline),NRT,SFO,2026-12-30,459,?,Unknown,https://www.google.com/travel/flights?q=Flights%20from%20SFO%20to%20NRT%20on%202026-12-30%20one%20way
2026-07-21T20:56:05+00:00,nrt-any,Tokyo (any airline),NRT,SFO,2027-01-03,484,ZIPAIR Tokyo,0,https://www.google.com/travel/flights?q=Flights%20from%20SFO%20to%20NRT%20on%202027-01-03%20one%20way
2026-07-22T00:12:17+00:00,nrt-any,Tokyo (any airline),NRT,SFO,2027-01-08,459,?,Unknown,https://www.google.com/travel/flights?q=Flights%20from%20SFO%20to%20NRT%20on%202027-01-08%20one%20way
2026-07-22T09:37:22+00:00,nrt-any,Tokyo (any airline),NRT,SFO,2027-01-17,459,ZIPAIR Tokyo,0,https://www.google.com/travel/flights?q=Flights%20from%20SFO%20to%20NRT%20on%202027-01-17%20one%20way
2026-07-22T15:55:45+00:00,nrt-any,Tokyo (any airline),NRT,SFO,2027-01-23,459,?,Unknown,https://www.google.com/travel/flights?q=Flights%20from%20SFO%20to%20NRT%20on%202027-01-23%20one%20way
2026-07-21T20:56:05+00:00,nrt-any,Tokyo (any airline),NRT,SFO,2027-01-27,459,ZIPAIR Tokyo,0,https://www.google.com/travel/flights?q=Flights%20from%20SFO%20to%20NRT%20on%202027-01-27%20one%20way
2026-07-22T00:12:17+00:00,nrt-any,Tokyo (any airline),NRT,SFO,2027-02-01,459,ZIPAIR Tokyo,0,https://www.google.com/travel/flights?q=Flights%20from%20SFO%20to%20NRT%20on%202027-02-01%20one%20way
2026-07-22T09:37:22+00:00,nrt-any,Tokyo (any airline),NRT,SFO,2027-02-10,459,ZIPAIR Tokyo,0,https://www.google.com/travel/flights?q=Flights%20from%20SFO%20to%20NRT%20on%202027-02-10%20one%20way
2026-07-22T15:55:45+00:00,nrt-any,Tokyo (any airline),NRT,SFO,2027-02-16,459,ZIPAIR Tokyo,0,https://www.google.com/travel/flights?q=Flights%20from%20SFO%20to%20NRT%20on%202027-02-16%20one%20way
2026-07-21T20:56:05+00:00,nrt-any,Tokyo (any airline),NRT,SFO,2027-02-20,459,ZIPAIR Tokyo,0,https://www.google.com/travel/flights?q=Flights%20from%20SFO%20to%20NRT%20on%202027-02-20%20one%20way
2026-07-22T00:12:17+00:00,nrt-any,Tokyo (any airline),NRT,SFO,2027-02-25,459,ZIPAIR Tokyo,0,https://www.google.com/travel/flights?q=Flights%20from%20SFO%20to%20NRT%20on%202027-02-25%20one%20way
2026-07-22T09:37:22+00:00,nrt-any,Tokyo (any airline),NRT,SFO,2027-03-06,459,ZIPAIR Tokyo,0,https://www.google.com/travel/flights?q=Flights%20from%20SFO%20to%20NRT%20on%202027-03-06%20one%20way
2026-07-22T15:55:45+00:00,nrt-any,Tokyo (any airline),NRT,SFO,2027-03-12,484,?,Unknown,https://www.google.com/travel/flights?q=Flights%20from%20SFO%20to%20NRT%20on%202027-03-12%20one%20way
2026-07-21T20:56:05+00:00,nrt-any,Tokyo (any airline),NRT,SFO,2027-03-16,459,ZIPAIR Tokyo,0,https://www.google.com/travel/flights?q=Flights%20from%20SFO%20to%20NRT%20on%202027-03-16%20one%20way
2026-07-22T00:12:17+00:00,nrt-any,Tokyo (any airline),NRT,SFO,2027-03-21,459,?,Unknown,https://www.google.com/travel/flights?q=Flights%20from%20SFO%20to%20NRT%20on%202027-03-21%20one%20way
2026-07-22T09:37:22+00:00,nrt-any,Tokyo (any airline),NRT,SFO,2027-03-30,476,Philippine Airlines,1,https://www.google.com/travel/flights?q=Flights%20from%20SFO%20to%20NRT%20on%202027-03-30%20one%20way
2026-07-22T15:55:45+00:00,nrt-any,Tokyo (any airline),NRT,SFO,2027-04-05,476,Philippine Airlines,1,https://www.google.com/travel/flights?q=Flights%20from%20SFO%20to%20NRT%20on%202027-04-05%20one%20way
2026-07-21T20:56:05+00:00,nrt-any,Tokyo (any airline),NRT,SFO,2027-04-09,619,?,Unknown,https://www.google.com/travel/flights?q=Flights%20from%20SFO%20to%20NRT%20on%202027-04-09%20one%20way
2026-07-22T00:12:17+00:00,nrt-any,Tokyo (any airline),NRT,SFO,2027-04-14,619,?,Unknown,https://www.google.com/travel/flights?q=Flights%20from%20SFO%20to%20NRT%20on%202027-04-14%20one%20way
2026-07-22T09:37:22+00:00,nrt-any,Tokyo (any airline),NRT,SFO,2027-04-23,580,?,Unknown,https://www.google.com/travel/flights?q=Flights%20from%20SFO%20to%20NRT%20on%202027-04-23%20one%20way
2026-07-22T15:55:45+00:00,nrt-any,Tokyo (any airline),NRT,SFO,2027-04-29,572,EVA Air,1,https://www.google.com/travel/flights?q=Flights%20from%20SFO%20to%20NRT%20on%202027-04-29%20one%20way
2026-07-21T20:56:05+00:00,nrt-any,Tokyo (any airline),NRT,SFO,2027-05-03,476,Philippine Airlines,1,https://www.google.com/travel/flights?q=Flights%20from%20SFO%20to%20NRT%20on%202027-05-03%20one%20way
2026-07-22T00:12:17+00:00,nrt-any,Tokyo (any airline),NRT,SFO,2027-05-08,676,?,Unknown,https://www.google.com/travel/flights?q=Flights%20from%20SFO%20to%20NRT%20on%202027-05-08%20one%20way
2026-07-22T09:37:22+00:00,nrt-any,Tokyo (any airline),NRT,SFO,2027-05-17,572,EVA Air,1,https://www.google.com/travel/flights?q=Flights%20from%20SFO%20to%20NRT%20on%202027-05-17%20one%20way
2026-07-22T15:55:45+00:00,nrt-any,Tokyo (any airline),NRT,SFO,2027-05-23,752,"Asiana Airlines, Korean Air",1,https://www.google.com/travel/flights?q=Flights%20from%20SFO%20to%20NRT%20on%202027-05-23%20one%20way
2026-07-21T20:56:05+00:00,nrt-any,Tokyo (any airline),NRT,SFO,2027-05-27,752,?,Unknown,https://www.google.com/travel/flights?q=Flights%20from%20SFO%20to%20NRT%20on%202027-05-27%20one%20way
2026-07-22T00:12:17+00:00,nrt-any,Tokyo (any airline),NRT,SFO,2027-06-01,946,WestJet,1,https://www.google.com/travel/flights?q=Flights%20from%20SFO%20to%20NRT%20on%202027-06-01%20one%20way
2026-07-22T09:37:22+00:00,nrt-any,Tokyo (any airline),NRT,SFO,2027-06-10,912,EVA Air,1,https://www.google.com/travel/flights?q=Flights%20from%20SFO%20to%20NRT%20on%202027-06-10%20one%20way
2026-07-22T15:55:45+00:00,nrt-any,Tokyo (any airline),NRT,SFO,2027-06-16,912,EVA Air,1,https://www.google.com/travel/flights?q=Flights%20from%20SFO%20to%20NRT%20on%202027-06-16%20one%20way
2026-07-22T00:12:17+00:00,nrt-any,Tokyo (any airline),NRT,SJC,2026-07-24,583,?,Unknown,https://www.google.com/travel/flights?q=Flights%20from%20SJC%20to%20NRT%20on%202026-07-24%20one%20way
2026-07-22T09:37:22+00:00,nrt-any,Tokyo (any airline),NRT,SJC,2026-08-02,234,ZIPAIR Tokyo,0,https://www.google.com/travel/flights?q=Flights%20from%20SJC%20to%20NRT%20on%202026-08-02%20one%20way
2026-07-22T15:55:45+00:00,nrt-any,Tokyo (any airline),NRT,SJC,2026-08-08,698,?,Unknown,https://www.google.com/travel/flights?q=Flights%20from%20SJC%20to%20NRT%20on%202026-08-08%20one%20way
2026-07-21T20:56:05+00:00,nrt-any,Tokyo (any airline),NRT,SJC,2026-08-12,542,?,Unknown,https://www.google.com/travel/flights?q=Flights%20from%20SJC%20to%20NRT%20on%202026-08-12%20one%20way
2026-07-22T00:12:17+00:00,nrt-any,Tokyo (any airline),NRT,SJC,2026-08-17,489,"Alaska, American",2,https://www.google.com/travel/flights?q=Flights%20from%20SJC%20to%20NRT%20on%202026-08-17%20one%20way
2026-07-22T09:37:22+00:00,nrt-any,Tokyo (any airline),NRT,SJC,2026-08-26,523,"Alaska, Cathay Pacific",2,https://www.google.com/travel/flights?q=Flights%20from%20SJC%20to%20NRT%20on%202026-08-26%20one%20way
2026-07-22T15:55:45+00:00,nrt-any,Tokyo (any airline),NRT,SJC,2026-09-01,660,?,Unknown,https://www.google.com/travel/flights?q=Flights%20from%20SJC%20to%20NRT%20on%202026-09-01%20one%20way
2026-07-21T20:56:05+00:00,nrt-any,Tokyo (any airline),NRT,SJC,2026-09-05,702,"Alaska, Cathay Pacific",2,https://www.google.com/travel/flights?q=Flights%20from%20SJC%20to%20NRT%20on%202026-09-05%20one%20way
2026-07-22T00:12:17+00:00,nrt-any,Tokyo (any airline),NRT,SJC,2026-09-10,702,?,Unknown,https://www.google.com/travel/flights?q=Flights%20from%20SJC%20to%20NRT%20on%202026-09-10%20one%20way
2026-07-22T09:37:22+00:00,nrt-any,Tokyo (any airline),NRT,SJC,2026-09-19,698,?,Unknown,https://www.google.com/travel/flights?q=Flights%20from%20SJC%20to%20NRT%20on%202026-09-19%20one%20way
2026-07-22T15:55:45+00:00,nrt-any,Tokyo (any airline),NRT,SJC,2026-09-25,717,?,Unknown,https://www.google.com/travel/flights?q=Flights%20from%20SJC%20to%20NRT%20on%202026-09-25%20one%20way
2026-07-21T20:56:05+00:00,nrt-any,Tokyo (any airline),NRT,SJC,2026-09-29,632,?,Unknown,https://www.google.com/travel/flights?q=Flights%20from%20SJC%20to%20NRT%20on%202026-09-29%20one%20way
2026-07-22T00:12:17+00:00,nrt-any,Tokyo (any airline),NRT,SJC,2026-10-04,698,?,Unknown,https://www.google.com/travel/flights?q=Flights%20from%20SJC%20to%20NRT%20on%202026-10-04%20one%20way
2026-07-22T09:37:22+00:00,nrt-any,Tokyo (any airline),NRT,SJC,2026-10-13,660,"Alaska, EVA Air",2,https://www.google.com/travel/flights?q=Flights%20from%20SJC%20to%20NRT%20on%202026-10-13%20one%20way
2026-07-22T15:55:45+00:00,nrt-any,Tokyo (any airline),NRT,SJC,2026-10-19,660,"Alaska, EVA Air",2,https://www.google.com/travel/flights?q=Flights%20from%20SJC%20to%20NRT%20on%202026-10-19%20one%20way
2026-07-21T20:56:05+00:00,nrt-any,Tokyo (any airline),NRT,SJC,2026-10-23,717,"Alaska, China Airlines",2,https://www.google.com/travel/flights?q=Flights%20from%20SJC%20to%20NRT%20on%202026-10-23%20one%20way
2026-07-22T00:12:17+00:00,nrt-any,Tokyo (any airline),NRT,SJC,2026-10-28,726,"Alaska, EVA Air",2,https://www.google.com/travel/flights?q=Flights%20from%20SJC%20to%20NRT%20on%202026-10-28%20one%20way
2026-07-22T09:37:22+00:00,nrt-any,Tokyo (any airline),NRT,SJC,2026-11-06,698,?,Unknown,https://www.google.com/travel/flights?q=Flights%20from%20SJC%20to%20NRT%20on%202026-11-06%20one%20way
2026-07-22T15:55:45+00:00,nrt-any,Tokyo (any airline),NRT,SJC,2026-11-12,660,?,Unknown,https://www.google.com/travel/flights?q=Flights%20from%20SJC%20to%20NRT%20on%202026-11-12%20one%20way
2026-07-21T20:56:05+00:00,nrt-any,Tokyo (any airline),NRT,SJC,2026-11-16,577,?,Unknown,https://www.google.com/travel/flights?q=Flights%20from%20SJC%20to%20NRT%20on%202026-11-16%20one%20way
2026-07-22T00:12:17+00:00,nrt-any,Tokyo (any airline),NRT,SJC,2026-11-21,764,?,Unknown,https://www.google.com/travel/flights?q=Flights%20from%20SJC%20to%20NRT%20on%202026-11-21%20one%20way
2026-07-22T09:37:22+00:00,nrt-any,Tokyo (any airline),NRT,SJC,2026-11-30,731,?,Unknown,https://www.google.com/travel/flights?q=Flights%20from%20SJC%20to%20NRT%20on%202026-11-30%20one%20way
2026-07-22T15:55:45+00:00,nrt-any,Tokyo (any airline),NRT,SJC,2026-12-06,772,Alaska,2,https://www.google.com/travel/flights?q=Flights%20from%20SJC%20to%20NRT%20on%202026-12-06%20one%20way
2026-07-21T20:56:05+00:00,nrt-any,Tokyo (any airline),NRT,SJC,2026-12-10,957,"Alaska, China Airlines",2,https://www.google.com/travel/flights?q=Flights%20from%20SJC%20to%20NRT%20on%202026-12-10%20one%20way
2026-07-22T00:12:17+00:00,nrt-any,Tokyo (any airline),NRT,SJC,2026-12-15,1180,"Alaska, Asiana Airlines",2,https://www.google.com/travel/flights?q=Flights%20from%20SJC%20to%20NRT%20on%202026-12-15%20one%20way
2026-07-22T09:37:22+00:00,nrt-any,Tokyo (any airline),NRT,SJC,2026-12-24,736,Alaska,2,https://www.google.com/travel/flights?q=Flights%20from%20SJC%20to%20NRT%20on%202026-12-24%20one%20way
2026-07-22T15:55:45+00:00,nrt-any,Tokyo (any airline),NRT,SJC,2026-12-30,805,?,Unknown,https://www.google.com/travel/flights?q=Flights%20from%20SJC%20to%20NRT%20on%202026-12-30%20one%20way
2026-07-21T20:56:05+00:00,nrt-any,Tokyo (any airline),NRT,SJC,2027-01-03,937,"Alaska, China Airlines",2,https://www.google.com/travel/flights?q=Flights%20from%20SJC%20to%20NRT%20on%202027-01-03%20one%20way
2026-07-22T00:12:17+00:00,nrt-any,Tokyo (any airline),NRT,SJC,2027-01-08,782,?,Unknown,https://www.google.com/travel/flights?q=Flights%20from%20SJC%20to%20NRT%20on%202027-01-08%20one%20way
2026-07-22T09:37:22+00:00,nrt-any,Tokyo (any airline),NRT,SJC,2027-01-17,690,?,Unknown,https://www.google.com/travel/flights?q=Flights%20from%20SJC%20to%20NRT%20on%202027-01-17%20one%20way
2026-07-22T15:55:45+00:00,nrt-any,Tokyo (any airline),NRT,SJC,2027-01-23,709,?,Unknown,https://www.google.com/travel/flights?q=Flights%20from%20SJC%20to%20NRT%20on%202027-01-23%20one%20way
2026-07-21T20:56:05+00:00,nrt-any,Tokyo (any airline),NRT,SJC,2027-01-27,703,Alaska,2,https://www.google.com/travel/flights?q=Flights%20from%20SJC%20to%20NRT%20on%202027-01-27%20one%20way
2026-07-22T00:12:17+00:00,nrt-any,Tokyo (any airline),NRT,SJC,2027-02-01,709,?,Unknown,https://www.google.com/travel/flights?q=Flights%20from%20SJC%20to%20NRT%20on%202027-02-01%20one%20way
2026-07-22T09:37:22+00:00,nrt-any,Tokyo (any airline),NRT,SJC,2027-02-10,784,"Alaska, STARLUX Airlines",2,https://www.google.com/travel/flights?q=Flights%20from%20SJC%20to%20NRT%20on%202027-02-10%20one%20way
2026-07-22T15:55:45+00:00,nrt-any,Tokyo (any airline),NRT,SJC,2027-02-16,690,"Alaska, EVA Air",2,https://www.google.com/travel/flights?q=Flights%20from%20SJC%20to%20NRT%20on%202027-02-16%20one%20way
2026-07-21T20:56:05+00:00,nrt-any,Tokyo (any airline),NRT,SJC,2027-02-20,749,"Alaska, STARLUX Airlines",2,https://www.google.com/travel/flights?q=Flights%20from%20SJC%20to%20NRT%20on%202027-02-20%20one%20way
2026-07-22T00:12:17+00:00,nrt-any,Tokyo (any airline),NRT,SJC,2027-02-25,745,?,Unknown,https://www.google.com/travel/flights?q=Flights%20from%20SJC%20to%20NRT%20on%202027-02-25%20one%20way
2026-07-22T09:37:22+00:00,nrt-any,Tokyo (any airline),NRT,SJC,2027-03-06,745,"Alaska, China Airlines",2,https://www.google.com/travel/flights?q=Flights%20from%20SJC%20to%20NRT%20on%202027-03-06%20one%20way
2026-07-22T15:55:45+00:00,nrt-any,Tokyo (any airline),NRT,SJC,2027-03-12,728,"Alaska, EVA Air",2,https://www.google.com/travel/flights?q=Flights%20from%20SJC%20to%20NRT%20on%202027-03-12%20one%20way
2026-07-21T20:56:05+00:00,nrt-any,Tokyo (any airline),NRT,SJC,2027-03-16,610,?,Unknown,https://www.google.com/travel/flights?q=Flights%20from%20SJC%20to%20NRT%20on%202027-03-16%20one%20way
2026-07-22T00:12:17+00:00,nrt-any,Tokyo (any airline),NRT,SJC,2027-03-21,756,"Alaska, EVA Air",2,https://www.google.com/travel/flights?q=Flights%20from%20SJC%20to%20NRT%20on%202027-03-21%20one%20way
2026-07-22T09:37:22+00:00,nrt-any,Tokyo (any airline),NRT,SJC,2027-03-30,745,"Alaska, China Airlines",2,https://www.google.com/travel/flights?q=Flights%20from%20SJC%20to%20NRT%20on%202027-03-30%20one%20way
2026-07-22T15:55:45+00:00,nrt-any,Tokyo (any airline),NRT,SJC,2027-04-05,690,?,Unknown,https://www.google.com/travel/flights?q=Flights%20from%20SJC%20to%20NRT%20on%202027-04-05%20one%20way
2026-07-21T20:56:05+00:00,nrt-any,Tokyo (any airline),NRT,SJC,2027-04-09,794,"Alaska, EVA Air",2,https://www.google.com/travel/flights?q=Flights%20from%20SJC%20to%20NRT%20on%202027-04-09%20one%20way
2026-07-22T00:12:17+00:00,nrt-any,Tokyo (any airline),NRT,SJC,2027-04-14,764,"Alaska, China Airlines",2,https://www.google.com/travel/flights?q=Flights%20from%20SJC%20to%20NRT%20on%202027-04-14%20one%20way
2026-07-22T09:37:22+00:00,nrt-any,Tokyo (any airline),NRT,SJC,2027-04-23,774,"Alaska, STARLUX Airlines",2,https://www.google.com/travel/flights?q=Flights%20from%20SJC%20to%20NRT%20on%202027-04-23%20one%20way
2026-07-22T15:55:45+00:00,nrt-any,Tokyo (any airline),NRT,SJC,2027-04-29,728,?,Unknown,https://www.google.com/travel/flights?q=Flights%20from%20SJC%20to%20NRT%20on%202027-04-29%20one%20way
2026-07-21T20:56:05+00:00,nrt-any,Tokyo (any airline),NRT,SJC,2027-05-03,756,"Alaska, EVA Air",2,https://www.google.com/travel/flights?q=Flights%20from%20SJC%20to%20NRT%20on%202027-05-03%20one%20way
2026-07-22T00:12:17+00:00,nrt-any,Tokyo (any airline),NRT,SJC,2027-05-08,749,?,Unknown,https://www.google.com/travel/flights?q=Flights%20from%20SJC%20to%20NRT%20on%202027-05-08%20one%20way
2026-07-22T09:37:22+00:00,nrt-any,Tokyo (any airline),NRT,SJC,2027-05-17,749,?,Unknown,https://www.google.com/travel/flights?q=Flights%20from%20SJC%20to%20NRT%20on%202027-05-17%20one%20way
2026-07-22T15:55:45+00:00,nrt-any,Tokyo (any airline),NRT,SJC,2027-05-23,1003,"Alaska, Cathay Pacific",3,https://www.google.com/travel/flights?q=Flights%20from%20SJC%20to%20NRT%20on%202027-05-23%20one%20way
2026-07-21T20:56:05+00:00,nrt-any,Tokyo (any airline),NRT,SJC,2027-05-27,1150,?,Unknown,https://www.google.com/travel/flights?q=Flights%20from%20SJC%20to%20NRT%20on%202027-05-27%20one%20way
2026-07-22T00:12:17+00:00,nrt-any,Tokyo (any airline),NRT,SJC,2027-06-01,1003,?,Unknown,https://www.google.com/travel/flights?q=Flights%20from%20SJC%20to%20NRT%20on%202027-06-01%20one%20way
2026-07-22T09:37:22+00:00,nrt-any,Tokyo (any airline),NRT,SJC,2027-06-10,1061,"Alaska, EVA Air",2,https://www.google.com/travel/flights?q=Flights%20from%20SJC%20to%20NRT%20on%202027-06-10%20one%20way
2026-07-22T15:55:45+00:00,nrt-any,Tokyo (any airline),NRT,SJC,2027-06-16,1023,"Alaska, EVA Air",2,https://www.google.com/travel/flights?q=Flights%20from%20SJC%20to%20NRT%20on%202027-06-16%20one%20way
2026-07-22T00:12:17+00:00,nrt-zg,Tokyo (ZIPAIR),NRT,SFO,2026-07-24,284,ZIPAIR Tokyo,0,https://www.google.com/travel/flights?q=Flights%20from%20SFO%20to%20NRT%20on%202026-07-24%20one%20way
2026-07-22T15:55:45+00:00,nrt-zg,Tokyo (ZIPAIR),NRT,SFO,2026-08-08,284,ZIPAIR Tokyo,0,https://www.google.com/travel/flights?q=Flights%20from%20SFO%20to%20NRT%20on%202026-08-08%20one%20way
2026-07-21T20:56:05+00:00,nrt-zg,Tokyo (ZIPAIR),NRT,SFO,2026-08-12,284,ZIPAIR Tokyo,0,https://www.google.com/travel/flights?q=Flights%20from%20SFO%20to%20NRT%20on%202026-08-12%20one%20way
2026-07-22T00:12:17+00:00,nrt-zg,Tokyo (ZIPAIR),NRT,SFO,2026-08-17,284,ZIPAIR Tokyo,0,https://www.google.com/travel/flights?q=Flights%20from%20SFO%20to%20NRT%20on%202026-08-17%20one%20way
2026-07-22T09:37:22+00:00,nrt-zg,Tokyo (ZIPAIR),NRT,SFO,2026-08-26,284,ZIPAIR Tokyo,0,https://www.google.com/travel/flights?q=Flights%20from%20SFO%20to%20NRT%20on%202026-08-26%20one%20way
2026-07-22T15:55:45+00:00,nrt-zg,Tokyo (ZIPAIR),NRT,SFO,2026-09-01,609,ZIPAIR Tokyo,0,https://www.google.com/travel/flights?q=Flights%20from%20SFO%20to%20NRT%20on%202026-09-01%20one%20way
2026-07-21T20:56:05+00:00,nrt-zg,Tokyo (ZIPAIR),NRT,SFO,2026-09-05,609,ZIPAIR Tokyo,0,https://www.google.com/travel/flights?q=Flights%20from%20SFO%20to%20NRT%20on%202026-09-05%20one%20way
2026-07-22T09:37:22+00:00,nrt-zg,Tokyo (ZIPAIR),NRT,SFO,2026-09-19,609,ZIPAIR Tokyo,0,https://www.google.com/travel/flights?q=Flights%20from%20SFO%20to%20NRT%20on%202026-09-19%20one%20way
2026-07-22T15:55:45+00:00,nrt-zg,Tokyo (ZIPAIR),NRT,SFO,2026-09-25,874,ZIPAIR Tokyo,0,https://www.google.com/travel/flights?q=Flights%20from%20SFO%20to%20NRT%20on%202026-09-25%20one%20way
2026-07-22T00:12:17+00:00,nrt-zg,Tokyo (ZIPAIR),NRT,SFO,2026-10-04,534,ZIPAIR Tokyo,0,https://www.google.com/travel/flights?q=Flights%20from%20SFO%20to%20NRT%20on%202026-10-04%20one%20way
2026-07-22T15:55:45+00:00,nrt-zg,Tokyo (ZIPAIR),NRT,SFO,2026-10-19,484,ZIPAIR Tokyo,0,https://www.google.com/travel/flights?q=Flights%20from%20SFO%20to%20NRT%20on%202026-10-19%20one%20way
2026-07-21T20:56:05+00:00,nrt-zg,Tokyo (ZIPAIR),NRT,SFO,2026-10-23,534,ZIPAIR Tokyo,0,https://www.google.com/travel/flights?q=Flights%20from%20SFO%20to%20NRT%20on%202026-10-23%20one%20way
2026-07-22T00:12:17+00:00,nrt-zg,Tokyo (ZIPAIR),NRT,SFO,2026-10-28,484,ZIPAIR Tokyo,0,https://www.google.com/travel/flights?q=Flights%20from%20SFO%20to%20NRT%20on%202026-10-28%20one%20way
2026-07-22T09:37:22+00:00,nrt-zg,Tokyo (ZIPAIR),NRT,SFO,2026-11-06,534,ZIPAIR Tokyo,0,https://www.google.com/travel/flights?q=Flights%20from%20SFO%20to%20NRT%20on%202026-11-06%20one%20way
2026-07-22T15:55:45+00:00,nrt-zg,Tokyo (ZIPAIR),NRT,SFO,2026-11-12,484,ZIPAIR Tokyo,0,https://www.google.com/travel/flights?q=Flights%20from%20SFO%20to%20NRT%20on%202026-11-12%20one%20way
2026-07-22T00:12:17+00:00,nrt-zg,Tokyo (ZIPAIR),NRT,SFO,2026-11-21,984,ZIPAIR Tokyo,0,https://www.google.com/travel/flights?q=Flights%20from%20SFO%20to%20NRT%20on%202026-11-21%20one%20way
2026-07-22T15:55:45+00:00,nrt-zg,Tokyo (ZIPAIR),NRT,SFO,2026-12-06,409,ZIPAIR Tokyo,0,https://www.google.com/travel/flights?q=Flights%20from%20SFO%20to%20NRT%20on%202026-12-06%20one%20way
2026-07-21T20:56:05+00:00,nrt-zg,Tokyo (ZIPAIR),NRT,SFO,2026-12-10,459,ZIPAIR Tokyo,0,https://www.google.com/travel/flights?q=Flights%20from%20SFO%20to%20NRT%20on%202026-12-10%20one%20way
2026-07-22T00:12:17+00:00,nrt-zg,Tokyo (ZIPAIR),NRT,SFO,2026-12-15,634,ZIPAIR Tokyo,0,https://www.google.com/travel/flights?q=Flights%20from%20SFO%20to%20NRT%20on%202026-12-15%20one%20way
2026-07-22T09:37:22+00:00,nrt-zg,Tokyo (ZIPAIR),NRT,SFO,2026-12-24,559,ZIPAIR Tokyo,0,https://www.google.com/travel/flights?q=Flights%20from%20SFO%20to%20NRT%20on%202026-12-24%20one%20way
2026-07-22T15:55:45+00:00,nrt-zg,Tokyo (ZIPAIR),NRT,SFO,2026-12-30,459,ZIPAIR Tokyo,0,https://www.google.com/travel/flights?q=Flights%20from%20SFO%20to%20NRT%20on%202026-12-30%20one%20way
2026-07-21T20:56:05+00:00,nrt-zg,Tokyo (ZIPAIR),NRT,SFO,2027-01-03,484,ZIPAIR Tokyo,0,https://www.google.com/travel/flights?q=Flights%20from%20SFO%20to%20NRT%20on%202027-01-03%20one%20way
2026-07-22T00:12:17+00:00,nrt-zg,Tokyo (ZIPAIR),NRT,SFO,2027-01-08,459,ZIPAIR Tokyo,0,https://www.google.com/travel/flights?q=Flights%20from%20SFO%20to%20NRT%20on%202027-01-08%20one%20way
2026-07-22T15:55:45+00:00,nrt-zg,Tokyo (ZIPAIR),NRT,SFO,2027-01-23,459,ZIPAIR Tokyo,0,https://www.google.com/travel/flights?q=Flights%20from%20SFO%20to%20NRT%20on%202027-01-23%20one%20way
2026-07-21T20:56:05+00:00,nrt-zg,Tokyo (ZIPAIR),NRT,SFO,2027-01-27,459,ZIPAIR Tokyo,0,https://www.google.com/travel/flights?q=Flights%20from%20SFO%20to%20NRT%20on%202027-01-27%20one%20way
2026-07-22T00:12:17+00:00,nrt-zg,Tokyo (ZIPAIR),NRT,SFO,2027-02-01,459,ZIPAIR Tokyo,0,https://www.google.com/travel/flights?q=Flights%20from%20SFO%20to%20NRT%20on%202027-02-01%20one%20way
2026-07-22T15:55:45+00:00,nrt-zg,Tokyo (ZIPAIR),NRT,SFO,2027-02-16,459,ZIPAIR Tokyo,0,https://www.google.com/travel/flights?q=Flights%20from%20SFO%20to%20NRT%20on%202027-02-16%20one%20way
2026-07-21T20:56:05+00:00,nrt-zg,Tokyo (ZIPAIR),NRT,SFO,2027-02-20,459,ZIPAIR Tokyo,0,https://www.google.com/travel/flights?q=Flights%20from%20SFO%20to%20NRT%20on%202027-02-20%20one%20way
2026-07-22T15:55:45+00:00,nrt-zg,Tokyo (ZIPAIR),NRT,SFO,2027-03-12,484,ZIPAIR Tokyo,0,https://www.google.com/travel/flights?q=Flights%20from%20SFO%20to%20NRT%20on%202027-03-12%20one%20way
2026-07-22T00:12:17+00:00,nrt-zg,Tokyo (ZIPAIR),NRT,SFO,2027-03-21,459,ZIPAIR Tokyo,0,https://www.google.com/travel/flights?q=Flights%20from%20SFO%20to%20NRT%20on%202027-03-21%20one%20way
2026-07-22T00:12:17+00:00,sgn,Ho Chi Minh City,SGN,OAK,2026-07-24,825,"Delta, Vietnam Airlines",2,https://www.google.com/travel/flights?q=Flights%20from%20OAK%20to%20SGN%20on%202026-07-24%20one%20way
2026-07-22T15:55:45+00:00,sgn,Ho Chi Minh City,SGN,OAK,2026-08-08,696,"Alaska, STARLUX Airlines",2,https://www.google.com/travel/flights?q=Flights%20from%20OAK%20to%20SGN%20on%202026-08-08%20one%20way
2026-07-21T20:56:05+00:00,sgn,Ho Chi Minh City,SGN,OAK,2026-08-12,580,"Alaska, Cathay Pacific, Vietnam Airlines",2,https://www.google.com/travel/flights?q=Flights%20from%20OAK%20to%20SGN%20on%202026-08-12%20one%20way
2026-07-22T00:12:17+00:00,sgn,Ho Chi Minh City,SGN,OAK,2026-09-10,556,"Alaska, STARLUX Airlines",2,https://www.google.com/travel/flights?q=Flights%20from%20OAK%20to%20SGN%20on%202026-09-10%20one%20way
2026-07-22T15:55:45+00:00,sgn,Ho Chi Minh City,SGN,OAK,2026-09-25,595,"Alaska, STARLUX Airlines",2,https://www.google.com/travel/flights?q=Flights%20from%20OAK%20to%20SGN%20on%202026-09-25%20one%20way
2026-07-21T20:56:05+00:00,sgn,Ho Chi Minh City,SGN,OAK,2026-09-29,556,"Alaska, STARLUX Airlines",2,https://www.google.com/travel/flights?q=Flights%20from%20OAK%20to%20SGN%20on%202026-09-29%20one%20way
2026-07-22T00:12:17+00:00,sgn,Ho Chi Minh City,SGN,OAK,2026-10-04,572,"Alaska, STARLUX Airlines",2,https://www.google.com/travel/flights?q=Flights%20from%20OAK%20to%20SGN%20on%202026-10-04%20one%20way
2026-07-22T09:37:22+00:00,sgn,Ho Chi Minh City,SGN,OAK,2026-10-13,556,"Alaska, STARLUX Airlines",2,https://www.google.com/travel/flights?q=Flights%20from%20OAK%20to%20SGN%20on%202026-10-13%20one%20way
2026-07-21T20:56:05+00:00,sgn,Ho Chi Minh City,SGN,OAK,2026-10-23,595,"Alaska, STARLUX Airlines",2,https://www.google.com/travel/flights?q=Flights%20from%20OAK%20to%20SGN%20on%202026-10-23%20one%20way
2026-07-22T15:55:45+00:00,sgn,Ho Chi Minh City,SGN,OAK,2026-11-12,595,"Alaska, STARLUX Airlines",2,https://www.google.com/travel/flights?q=Flights%20from%20OAK%20to%20SGN%20on%202026-11-12%20one%20way
2026-07-21T20:56:05+00:00,sgn,Ho Chi Minh City,SGN,OAK,2026-11-16,572,"Alaska, STARLUX Airlines",2,https://www.google.com/travel/flights?q=Flights%20from%20OAK%20to%20SGN%20on%202026-11-16%20one%20way
2026-07-22T00:12:17+00:00,sgn,Ho Chi Minh City,SGN,OAK,2026-11-21,732,"Alaska, China Airlines",2,https://www.google.com/travel/flights?q=Flights%20from%20OAK%20to%20SGN%20on%202026-11-21%20one%20way
2026-07-22T09:37:22+00:00,sgn,Ho Chi Minh City,SGN,OAK,2026-11-30,706,"Alaska, STARLUX Airlines",2,https://www.google.com/travel/flights?q=Flights%20from%20OAK%20to%20SGN%20on%202026-11-30%20one%20way
2026-07-22T15:55:45+00:00,sgn,Ho Chi Minh City,SGN,OAK,2026-12-06,777,"Alaska, China Airlines",2,https://www.google.com/travel/flights?q=Flights%20from%20OAK%20to%20SGN%20on%202026-12-06%20one%20way
2026-07-22T09:37:22+00:00,sgn,Ho Chi Minh City,SGN,SFO,2026-08-02,557,STARLUX Airlines,1,https://www.google.com/travel/flights?q=Flights%20from%20SFO%20to%20SGN%20on%202026-08-02%20one%20way
2026-07-22T09:37:22+00:00,sgn,Ho Chi Minh City,SGN,SFO,2026-08-26,517,STARLUX Airlines,1,https://www.google.com/travel/flights?q=Flights%20from%20SFO%20to%20SGN%20on%202026-08-26%20one%20way
2026-07-22T15:55:45+00:00,sgn,Ho Chi Minh City,SGN,SFO,2026-09-01,517,STARLUX Airlines,1,https://www.google.com/travel/flights?q=Flights%20from%20SFO%20to%20SGN%20on%202026-09-01%20one%20way
2026-07-21T20:56:05+00:00,sgn,Ho Chi Minh City,SGN,SFO,2026-09-05,517,STARLUX Airlines,1,https://www.google.com/travel/flights?q=Flights%20from%20SFO%20to%20SGN%20on%202026-09-05%20one%20way
2026-07-22T09:37:22+00:00,sgn,Ho Chi Minh City,SGN,SFO,2026-09-19,517,STARLUX Airlines,1,https://www.google.com/travel/flights?q=Flights%20from%20SFO%20to%20SGN%20on%202026-09-19%20one%20way
2026-07-22T00:12:17+00:00,sgn,Ho Chi Minh City,SGN,SFO,2026-10-04,517,STARLUX Airlines,1,https://www.google.com/travel/flights?q=Flights%20from%20SFO%20to%20SGN%20on%202026-10-04%20one%20way
2026-07-22T09:37:22+00:00,sgn,Ho Chi Minh City,SGN,SFO,2026-10-13,517,STARLUX Airlines,1,https://www.google.com/travel/flights?q=Flights%20from%20SFO%20to%20SGN%20on%202026-10-13%20one%20way
2026-07-22T15:55:45+00:00,sgn,Ho Chi Minh City,SGN,SFO,2026-10-19,517,STARLUX Airlines,1,https://www.google.com/travel/flights?q=Flights%20from%20SFO%20to%20SGN%20on%202026-10-19%20one%20way
2026-07-21T20:56:05+00:00,sgn,Ho Chi Minh City,SGN,SFO,2026-10-23,517,STARLUX Airlines,1,https://www.google.com/travel/flights?q=Flights%20from%20SFO%20to%20SGN%20on%202026-10-23%20one%20way
2026-07-22T09:37:22+00:00,sgn,Ho Chi Minh City,SGN,SFO,2026-11-06,534,China Airlines,1,https://www.google.com/travel/flights?q=Flights%20from%20SFO%20to%20SGN%20on%202026-11-06%20one%20way
2026-07-21T20:56:05+00:00,sgn,Ho Chi Minh City,SGN,SFO,2026-11-16,517,STARLUX Airlines,1,https://www.google.com/travel/flights?q=Flights%20from%20SFO%20to%20SGN%20on%202026-11-16%20one%20way
2026-07-22T00:12:17+00:00,sgn,Ho Chi Minh City,SGN,SFO,2026-11-21,557,STARLUX Airlines,1,https://www.google.com/travel/flights?q=Flights%20from%20SFO%20to%20SGN%20on%202026-11-21%20one%20way
2026-07-22T09:37:22+00:00,sgn,Ho Chi Minh City,SGN,SFO,2026-11-30,517,STARLUX Airlines,1,https://www.google.com/travel/flights?q=Flights%20from%20SFO%20to%20SGN%20on%202026-11-30%20one%20way
2026-07-22T15:55:45+00:00,sgn,Ho Chi Minh City,SGN,SFO,2026-12-06,668,China Airlines,1,https://www.google.com/travel/flights?q=Flights%20from%20SFO%20to%20SGN%20on%202026-12-06%20one%20way
2026-07-21T20:56:05+00:00,sgn,Ho Chi Minh City,SGN,SFO,2026-12-10,764,"Alaska, China Airlines",2,https://www.google.com/travel/flights?q=Flights%20from%20SFO%20to%20SGN%20on%202026-12-10%20one%20way
2026-07-22T09:37:22+00:00,sgn,Ho Chi Minh City,SGN,SFO,2026-12-24,924,"Delta, Vietnam Airlines",2,https://www.google.com/travel/flights?q=Flights%20from%20SFO%20to%20SGN%20on%202026-12-24%20one%20way
2026-07-21T20:56:05+00:00,sgn,Ho Chi Minh City,SGN,SFO,2027-01-03,534,China Airlines,1,https://www.google.com/travel/flights?q=Flights%20from%20SFO%20to%20SGN%20on%202027-01-03%20one%20way
2026-07-22T00:12:17+00:00,sgn,Ho Chi Minh City,SGN,SFO,2027-01-08,534,China Airlines,1,https://www.google.com/travel/flights?q=Flights%20from%20SFO%20to%20SGN%20on%202027-01-08%20one%20way
2026-07-22T09:37:22+00:00,sgn,Ho Chi Minh City,SGN,SFO,2027-01-17,534,China Airlines,1,https://www.google.com/travel/flights?q=Flights%20from%20SFO%20to%20SGN%20on%202027-01-17%20one%20way
2026-07-22T00:12:17+00:00,sgn,Ho Chi Minh City,SGN,SFO,2027-02-01,562,China Airlines,1,https://www.google.com/travel/flights?q=Flights%20from%20SFO%20to%20SGN%20on%202027-02-01%20one%20way
2026-07-22T09:37:22+00:00,sgn,Ho Chi Minh City,SGN,SFO,2027-02-10,534,China Airlines,1,https://www.google.com/travel/flights?q=Flights%20from%20SFO%20to%20SGN%20on%202027-02-10%20one%20way
2026-07-22T15:55:45+00:00,sgn,Ho Chi Minh City,SGN,SFO,2027-03-12,534,China Airlines,1,https://www.google.com/travel/flights?q=Flights%20from%20SFO%20to%20SGN%20on%202027-03-12%20one%20way
2026-07-21T20:56:05+00:00,sgn,Ho Chi Minh City,SGN,SFO,2027-03-16,534,China Airlines,1,https://www.google.com/travel/flights?q=Flights%20from%20SFO%20to%20SGN%20on%202027-03-16%20one%20way
2026-07-22T00:12:17+00:00,sgn,Ho Chi Minh City,SGN,SFO,2027-03-21,534,China Airlines,1,https://www.google.com/travel/flights?q=Flights%20from%20SFO%20to%20SGN%20on%202027-03-21%20one%20way
2026-07-22T09:37:22+00:00,sgn,Ho Chi Minh City,SGN,SFO,2027-03-30,534,China Airlines,1,https://www.google.com/travel/flights?q=Flights%20from%20SFO%20to%20SGN%20on%202027-03-30%20one%20way
2026-07-22T15:55:45+00:00,sgn,Ho Chi Minh City,SGN,SFO,2027-04-05,534,China Airlines,1,https://www.google.com/travel/flights?q=Flights%20from%20SFO%20to%20SGN%20on%202027-04-05%20one%20way
2026-07-22T00:12:17+00:00,sgn,Ho Chi Minh City,SGN,SFO,2027-04-14,534,China Airlines,1,https://www.google.com/travel/flights?q=Flights%20from%20SFO%20to%20SGN%20on%202027-04-14%20one%20way
2026-07-21T20:56:05+00:00,sgn,Ho Chi Minh City,SGN,SFO,2027-05-03,560,China Airlines,1,https://www.google.com/travel/flights?q=Flights%20from%20SFO%20to%20SGN%20on%202027-05-03%20one%20way
2026-07-22T09:37:22+00:00,sgn,Ho Chi Minh City,SGN,SFO,2027-05-17,583,STARLUX Airlines,1,https://www.google.com/travel/flights?q=Flights%20from%20SFO%20to%20SGN%20on%202027-05-17%20one%20way
2026-07-22T15:55:45+00:00,sgn,Ho Chi Minh City,SGN,SFO,2027-05-23,851,"United, Vietnam Airlines",1,https://www.google.com/travel/flights?q=Flights%20from%20SFO%20to%20SGN%20on%202027-05-23%20one%20way
2026-07-21T20:56:05+00:00,sgn,Ho Chi Minh City,SGN,SFO,2027-05-27,973,China Airlines,1,https://www.google.com/travel/flights?q=Flights%20from%20SFO%20to%20SGN%20on%202027-05-27%20one%20way
2026-07-22T00:12:17+00:00,sgn,Ho Chi Minh City,SGN,SJC,2026-07-24,780,"Delta, China Airlines",2,https://www.google.com/travel/flights?q=Flights%20from%20SJC%20to%20SGN%20on%202026-07-24%20one%20way
2026-07-22T15:55:45+00:00,sgn,Ho Chi Minh City,SGN,SJC,2026-08-08,668,"Delta, China Airlines",2,https://www.google.com/travel/flights?q=Flights%20from%20SJC%20to%20SGN%20on%202026-08-08%20one%20way
2026-07-21T20:56:05+00:00,sgn,Ho Chi Minh City,SGN,SJC,2026-08-12,562,"Delta, Vietnam Airlines",2,https://www.google.com/travel/flights?q=Flights%20from%20SJC%20to%20SGN%20on%202026-08-12%20one%20way
2026-07-22T00:12:17+00:00,sgn,Ho Chi Minh City,SGN,SJC,2026-08-17,562,"Delta, Vietnam Airlines",2,https://www.google.com/travel/flights?q=Flights%20from%20SJC%20to%20SGN%20on%202026-08-17%20one%20way
2026-07-22T09:37:22+00:00,sgn,Ho Chi Minh City,SGN,SJC,2026-08-26,580,"Alaska, Cathay Pacific, Vietnam Airlines",2,https://www.google.com/travel/flights?q=Flights%20from%20SJC%20to%20SGN%20on%202026-08-26%20one%20way
2026-07-22T15:55:45+00:00,sgn,Ho Chi Minh City,SGN,SJC,2026-09-01,562,"Delta, Vietnam Airlines",2,https://www.google.com/travel/flights?q=Flights%20from%20SJC%20to%20SGN%20on%202026-09-01%20one%20way
2026-07-21T20:56:05+00:00,sgn,Ho Chi Minh City,SGN,SJC,2026-09-05,601,"Alaska, STARLUX Airlines",2,https://www.google.com/travel/flights?q=Flights%20from%20SJC%20to%20SGN%20on%202026-09-05%20one%20way
2026-07-22T15:55:45+00:00,sgn,Ho Chi Minh City,SGN,SJC,2026-09-25,615,"Alaska, STARLUX Airlines",2,https://www.google.com/travel/flights?q=Flights%20from%20SJC%20to%20SGN%20on%202026-09-25%20one%20way
2026-07-22T00:12:17+00:00,sgn,Ho Chi Minh City,SGN,SJC,2026-10-04,543,"Alaska, STARLUX Airlines",2,https://www.google.com/travel/flights?q=Flights%20from%20SJC%20to%20SGN%20on%202026-10-04%20one%20way
2026-07-22T09:37:22+00:00,sgn,Ho Chi Minh City,SGN,SJC,2026-10-13,563,"Delta, Vietnam Airlines",2,https://www.google.com/travel/flights?q=Flights%20from%20SJC%20to%20SGN%20on%202026-10-13%20one%20way
2026-07-22T15:55:45+00:00,sgn,Ho Chi Minh City,SGN,SJC,2026-10-19,551,"Alaska, STARLUX Airlines",2,https://www.google.com/travel/flights?q=Flights%20from%20SJC%20to%20SGN%20on%202026-10-19%20one%20way
2026-07-21T20:56:05+00:00,sgn,Ho Chi Minh City,SGN,SJC,2026-10-23,563,"Delta, Vietnam Airlines",2,https://www.google.com/travel/flights?q=Flights%20from%20SJC%20to%20SGN%20on%202026-10-23%20one%20way
2026-07-22T00:12:17+00:00,sgn,Ho Chi Minh City,SGN,SJC,2026-10-28,551,"Alaska, STARLUX Airlines",2,https://www.google.com/travel/flights?q=Flights%20from%20SJC%20to%20SGN%20on%202026-10-28%20one%20way
2026-07-22T09:37:22+00:00,sgn,Ho Chi Minh City,SGN,SJC,2026-11-06,563,"Delta, Vietnam Airlines",2,https://www.google.com/travel/flights?q=Flights%20from%20SJC%20to%20SGN%20on%202026-11-06%20one%20way
2026-07-22T15:55:45+00:00,sgn,Ho Chi Minh City,SGN,SJC,2026-11-12,563,"Delta, Vietnam Airlines",2,https://www.google.com/travel/flights?q=Flights%20from%20SJC%20to%20SGN%20on%202026-11-12%20one%20way
2026-07-21T20:56:05+00:00,sgn,Ho Chi Minh City,SGN,SJC,2026-11-16,538,"Delta, Vietnam Airlines",2,https://www.google.com/travel/flights?q=Flights%20from%20SJC%20to%20SGN%20on%202026-11-16%20one%20way
2026-07-22T00:12:17+00:00,sgn,Ho Chi Minh City,SGN,SJC,2026-11-21,732,"Alaska, China Airlines",2,https://www.google.com/travel/flights?q=Flights%20from%20SJC%20to%20SGN%20on%202026-11-21%20one%20way
2026-07-22T09:37:22+00:00,sgn,Ho Chi Minh City,SGN,SJC,2026-11-30,563,"Delta, Vietnam Airlines",2,https://www.google.com/travel/flights?q=Flights%20from%20SJC%20to%20SGN%20on%202026-11-30%20one%20way
2026-07-22T15:55:45+00:00,sgn,Ho Chi Minh City,SGN,SJC,2026-12-06,700,"Delta, Vietnam Airlines",2,https://www.google.com/travel/flights?q=Flights%20from%20SJC%20to%20SGN%20on%202026-12-06%20one%20way
2026-07-21T20:56:05+00:00,sgn,Ho Chi Minh City,SGN,SJC,2026-12-10,924,"Delta, Vietnam Airlines",2,https://www.google.com/travel/flights?q=Flights%20from%20SJC%20to%20SGN%20on%202026-12-10%20one%20way
2026-07-22T00:12:17+00:00,sgn,Ho Chi Minh City,SGN,SJC,2026-12-15,924,"Delta, Vietnam Airlines",2,https://www.google.com/travel/flights?q=Flights%20from%20SJC%20to%20SGN%20on%202026-12-15%20one%20way
2026-07-22T09:37:22+00:00,sgn,Ho Chi Minh City,SGN,SJC,2026-12-24,924,"Delta, Vietnam Airlines",2,https://www.google.com/travel/flights?q=Flights%20from%20SJC%20to%20SGN%20on%202026-12-24%20one%20way
2026-07-22T15:55:45+00:00,sgn,Ho Chi Minh City,SGN,SJC,2026-12-30,589,"Delta, Vietnam Airlines",2,https://www.google.com/travel/flights?q=Flights%20from%20SJC%20to%20SGN%20on%202026-12-30%20one%20way
2026-07-21T20:56:05+00:00,sgn,Ho Chi Minh City,SGN,SJC,2027-01-03,589,"Delta, Vietnam Airlines",2,https://www.google.com/travel/flights?q=Flights%20from%20SJC%20to%20SGN%20on%202027-01-03%20one%20way
2026-07-22T00:12:17+00:00,sgn,Ho Chi Minh City,SGN,SJC,2027-01-08,589,"Delta, Vietnam Airlines",2,https://www.google.com/travel/flights?q=Flights%20from%20SJC%20to%20SGN%20on%202027-01-08%20one%20way
2026-07-22T09:37:22+00:00,sgn,Ho Chi Minh City,SGN,SJC,2027-01-17,589,"Delta, Vietnam Airlines",2,https://www.google.com/travel/flights?q=Flights%20from%20SJC%20to%20SGN%20on%202027-01-17%20one%20way
2026-07-22T15:55:45+00:00,sgn,Ho Chi Minh City,SGN,SJC,2027-01-23,679,"Alaska, China Airlines",2,https://www.google.com/travel/flights?q=Flights%20from%20SJC%20to%20SGN%20on%202027-01-23%20one%20way
2026-07-21T20:56:05+00:00,sgn,Ho Chi Minh City,SGN,SJC,2027-01-27,718,"Delta, China Airlines",2,https://www.google.com/travel/flights?q=Flights%20from%20SJC%20to%20SGN%20on%202027-01-27%20one%20way
2026-07-22T00:12:17+00:00,sgn,Ho Chi Minh City,SGN,SJC,2027-02-01,718,"Alaska, China Airlines",2,https://www.google.com/travel/flights?q=Flights%20from%20SJC%20to%20SGN%20on%202027-02-01%20one%20way
2026-07-22T09:37:22+00:00,sgn,Ho Chi Minh City,SGN,SJC,2027-02-10,699,"Alaska, China Airlines",2,https://www.google.com/travel/flights?q=Flights%20from%20SJC%20to%20SGN%20on%202027-02-10%20one%20way
2026-07-22T15:55:45+00:00,sgn,Ho Chi Minh City,SGN,SJC,2027-02-16,589,"Delta, Vietnam Airlines",2,https://www.google.com/travel/flights?q=Flights%20from%20SJC%20to%20SGN%20on%202027-02-16%20one%20way
2026-07-22T00:12:17+00:00,sgn,Ho Chi Minh City,SGN,SJC,2027-02-25,589,"Delta, Vietnam Airlines",2,https://www.google.com/travel/flights?q=Flights%20from%20SJC%20to%20SGN%20on%202027-02-25%20one%20way
2026-07-21T20:56:05+00:00,sgn,Ho Chi Minh City,SGN,SJC,2027-03-16,564,"Delta, Vietnam Airlines",2,https://www.google.com/travel/flights?q=Flights%20from%20SJC%20to%20SGN%20on%202027-03-16%20one%20way
2026-07-22T00:12:17+00:00,sgn,Ho Chi Minh City,SGN,SJC,2027-03-21,724,"Alaska, STARLUX Airlines",2,https://www.google.com/travel/flights?q=Flights%20from%20SJC%20to%20SGN%20on%202027-03-21%20one%20way
2026-07-22T09:37:22+00:00,sgn,Ho Chi Minh City,SGN,SJC,2027-03-30,564,"Delta, Vietnam Airlines",2,https://www.google.com/travel/flights?q=Flights%20from%20SJC%20to%20SGN%20on%202027-03-30%20one%20way
2026-07-22T15:55:45+00:00,sgn,Ho Chi Minh City,SGN,SJC,2027-04-05,589,"Delta, Vietnam Airlines",2,https://www.google.com/travel/flights?q=Flights%20from%20SJC%20to%20SGN%20on%202027-04-05%20one%20way
2026-07-21T20:56:05+00:00,sgn,Ho Chi Minh City,SGN,SJC,2027-04-09,718,"Delta, China Airlines",2,https://www.google.com/travel/flights?q=Flights%20from%20SJC%20to%20SGN%20on%202027-04-09%20one%20way
2026-07-22T00:12:17+00:00,tpe,Taipei,TPE,OAK,2026-07-24,400,"Alaska, Asiana Airlines",2,https://www.google.com/travel/flights?q=Flights%20from%20OAK%20to%20TPE%20on%202026-07-24%20one%20way
2026-07-22T09:37:22+00:00,tpe,Taipei,TPE,OAK,2026-08-02,450,"Alaska, Asiana Airlines",2,https://www.google.com/travel/flights?q=Flights%20from%20OAK%20to%20TPE%20on%202026-08-02%20one%20way
2026-07-22T15:55:45+00:00,tpe,Taipei,TPE,OAK,2026-08-08,487,?,Unknown,https://www.google.com/travel/flights?q=Flights%20from%20OAK%20to%20TPE%20on%202026-08-08%20one%20way
2026-07-21T20:56:05+00:00,tpe,Taipei,TPE,OAK,2026-08-12,400,"Alaska, EVA Air",2,https://www.google.com/travel/flights?q=Flights%20from%20OAK%20to%20TPE%20on%202026-08-12%20one%20way
2026-07-22T00:12:17+00:00,tpe,Taipei,TPE,OAK,2026-08-17,400,?,Unknown,https://www.google.com/travel/flights?q=Flights%20from%20OAK%20to%20TPE%20on%202026-08-17%20one%20way
2026-07-22T09:37:22+00:00,tpe,Taipei,TPE,OAK,2026-08-26,319,"Alaska, EVA Air",2,https://www.google.com/travel/flights?q=Flights%20from%20OAK%20to%20TPE%20on%202026-08-26%20one%20way
2026-07-22T15:55:45+00:00,tpe,Taipei,TPE,OAK,2026-09-01,439,"Alaska, JAL",2,https://www.google.com/travel/flights?q=Flights%20from%20OAK%20to%20TPE%20on%202026-09-01%20one%20way
2026-07-21T20:56:05+00:00,tpe,Taipei,TPE,OAK,2026-09-05,453,?,Unknown,https://www.google.com/travel/flights?q=Flights%20from%20OAK%20to%20TPE%20on%202026-09-05%20one%20way
2026-07-22T00:12:17+00:00,tpe,Taipei,TPE,OAK,2026-09-10,389,"Alaska, EVA Air",2,https://www.google.com/travel/flights?q=Flights%20from%20OAK%20to%20TPE%20on%202026-09-10%20one%20way
2026-07-22T09:37:22+00:00,tpe,Taipei,TPE,OAK,2026-09-19,439,"Alaska, Asiana Airlines",2,https://www.google.com/travel/flights?q=Flights%20from%20OAK%20to%20TPE%20on%202026-09-19%20one%20way
2026-07-22T15:55:45+00:00,tpe,Taipei,TPE,OAK,2026-09-25,389,"Alaska, Asiana Airlines",2,https://www.google.com/travel/flights?q=Flights%20from%20OAK%20to%20TPE%20on%202026-09-25%20one%20way
2026-07-21T20:56:05+00:00,tpe,Taipei,TPE,OAK,2026-09-29,403,?,Unknown,https://www.google.com/travel/flights?q=Flights%20from%20OAK%20to%20TPE%20on%202026-09-29%20one%20way
2026-07-22T00:12:17+00:00,tpe,Taipei,TPE,OAK,2026-10-04,439,"Alaska, EVA Air",2,https://www.google.com/travel/flights?q=Flights%20from%20OAK%20to%20TPE%20on%202026-10-04%20one%20way
2026-07-22T09:37:22+00:00,tpe,Taipei,TPE,OAK,2026-10-13,403,?,Unknown,https://www.google.com/travel/flights?q=Flights%20from%20OAK%20to%20TPE%20on%202026-10-13%20one%20way
2026-07-22T15:55:45+00:00,tpe,Taipei,TPE,OAK,2026-10-19,487,?,Unknown,https://www.google.com/travel/flights?q=Flights%20from%20OAK%20to%20TPE%20on%202026-10-19%20one%20way
2026-07-21T20:56:05+00:00,tpe,Taipei,TPE,OAK,2026-10-23,528,Delta,2,https://www.google.com/travel/flights?q=Flights%20from%20OAK%20to%20TPE%20on%202026-10-23%20one%20way
2026-07-22T00:12:17+00:00,tpe,Taipei,TPE,OAK,2026-10-28,520,"Alaska, STARLUX Airlines",1,https://www.google.com/travel/flights?q=Flights%20from%20OAK%20to%20TPE%20on%202026-10-28%20one%20way
2026-07-22T09:37:22+00:00,tpe,Taipei,TPE,OAK,2026-11-06,528,Delta,2,https://www.google.com/travel/flights?q=Flights%20from%20OAK%20to%20TPE%20on%202026-11-06%20one%20way
2026-07-22T15:55:45+00:00,tpe,Taipei,TPE,OAK,2026-11-12,528,Delta,2,https://www.google.com/travel/flights?q=Flights%20from%20OAK%20to%20TPE%20on%202026-11-12%20one%20way
2026-07-21T20:56:05+00:00,tpe,Taipei,TPE,OAK,2026-11-16,528,Delta,2,https://www.google.com/travel/flights?q=Flights%20from%20OAK%20to%20TPE%20on%202026-11-16%20one%20way
2026-07-22T00:12:17+00:00,tpe,Taipei,TPE,OAK,2026-11-21,545,Delta,2,https://www.google.com/travel/flights?q=Flights%20from%20OAK%20to%20TPE%20on%202026-11-21%20one%20way
2026-07-22T09:37:22+00:00,tpe,Taipei,TPE,OAK,2026-11-30,528,?,Unknown,https://www.google.com/travel/flights?q=Flights%20from%20OAK%20to%20TPE%20on%202026-11-30%20one%20way
2026-07-22T15:55:45+00:00,tpe,Taipei,TPE,OAK,2026-12-06,686,Delta,2,https://www.google.com/travel/flights?q=Flights%20from%20OAK%20to%20TPE%20on%202026-12-06%20one%20way
2026-07-21T20:56:05+00:00,tpe,Taipei,TPE,OAK,2026-12-10,640,?,Unknown,https://www.google.com/travel/flights?q=Flights%20from%20OAK%20to%20TPE%20on%202026-12-10%20one%20way
2026-07-22T00:12:17+00:00,tpe,Taipei,TPE,OAK,2026-12-15,921,?,Unknown,https://www.google.com/travel/flights?q=Flights%20from%20OAK%20to%20TPE%20on%202026-12-15%20one%20way
2026-07-22T09:37:22+00:00,tpe,Taipei,TPE,OAK,2026-12-24,889,Delta,2,https://www.google.com/travel/flights?q=Flights%20from%20OAK%20to%20TPE%20on%202026-12-24%20one%20way
2026-07-22T15:55:45+00:00,tpe,Taipei,TPE,OAK,2026-12-30,688,Delta,2,https://www.google.com/travel/flights?q=Flights%20from%20OAK%20to%20TPE%20on%202026-12-30%20one%20way
2026-07-21T20:56:05+00:00,tpe,Taipei,TPE,OAK,2027-01-03,575,?,Unknown,https://www.google.com/travel/flights?q=Flights%20from%20OAK%20to%20TPE%20on%202027-01-03%20one%20way
2026-07-22T00:12:17+00:00,tpe,Taipei,TPE,OAK,2027-01-08,575,?,Unknown,https://www.google.com/travel/flights?q=Flights%20from%20OAK%20to%20TPE%20on%202027-01-08%20one%20way
2026-07-22T09:37:22+00:00,tpe,Taipei,TPE,OAK,2027-01-17,575,?,Unknown,https://www.google.com/travel/flights?q=Flights%20from%20OAK%20to%20TPE%20on%202027-01-17%20one%20way
2026-07-22T00:12:17+00:00,tpe,Taipei,TPE,SFO,2026-07-24,501,JAL,1,https://www.google.com/travel/flights?q=Flights%20from%20SFO%20to%20TPE%20on%202026-07-24%20one%20way
2026-07-22T09:37:22+00:00,tpe,Taipei,TPE,SFO,2026-08-02,414,?,Unknown,https://www.google.com/travel/flights?q=Flights%20from%20SFO%20to%20TPE%20on%202026-08-02%20one%20way
2026-07-22T15:55:45+00:00,tpe,Taipei,TPE,SFO,2026-08-08,480,Philippine Airlines,1,https://www.google.com/travel/flights?q=Flights%20from%20SFO%20to%20TPE%20on%202026-08-08%20one%20way
2026-07-21T20:56:05+00:00,tpe,Taipei,TPE,SFO,2026-08-12,400,"Alaska, EVA Air",2,https://www.google.com/travel/flights?q=Flights%20from%20SFO%20to%20TPE%20on%202026-08-12%20one%20way
2026-07-22T00:12:17+00:00,tpe,Taipei,TPE,SFO,2026-08-17,400,?,Unknown,https://www.google.com/travel/flights?q=Flights%20from%20SFO%20to%20TPE%20on%202026-08-17%20one%20way
2026-07-22T09:37:22+00:00,tpe,Taipei,TPE,SFO,2026-08-26,319,"Alaska, EVA Air",2,https://www.google.com/travel/flights?q=Flights%20from%20SFO%20to%20TPE%20on%202026-08-26%20one%20way
2026-07-22T15:55:45+00:00,tpe,Taipei,TPE,SFO,2026-09-01,428,Philippine Airlines,1,https://www.google.com/travel/flights?q=Flights%20from%20SFO%20to%20TPE%20on%202026-09-01%20one%20way
2026-07-21T20:56:05+00:00,tpe,Taipei,TPE,SFO,2026-09-05,453,"Alaska, EVA Air",2,https://www.google.com/travel/flights?q=Flights%20from%20SFO%20to%20TPE%20on%202026-09-05%20one%20way
2026-07-22T00:12:17+00:00,tpe,Taipei,TPE,SFO,2026-09-10,389,"Alaska, EVA Air",2,https://www.google.com/travel/flights?q=Flights%20from%20SFO%20to%20TPE%20on%202026-09-10%20one%20way
2026-07-22T09:37:22+00:00,tpe,Taipei,TPE,SFO,2026-09-19,453,"Alaska, EVA Air",2,https://www.google.com/travel/flights?q=Flights%20from%20SFO%20to%20TPE%20on%202026-09-19%20one%20way
2026-07-22T15:55:45+00:00,tpe,Taipei,TPE,SFO,2026-09-25,508,Asiana Airlines,1,https://www.google.com/travel/flights?q=Flights%20from%20SFO%20to%20TPE%20on%202026-09-25%20one%20way
2026-07-21T20:56:05+00:00,tpe,Taipei,TPE,SFO,2026-09-29,403,"Alaska, EVA Air",2,https://www.google.com/travel/flights?q=Flights%20from%20SFO%20to%20TPE%20on%202026-09-29%20one%20way
2026-07-22T00:12:17+00:00,tpe,Taipei,TPE,SFO,2026-10-04,428,?,Unknown,https://www.google.com/travel/flights?q=Flights%20from%20SFO%20to%20TPE%20on%202026-10-04%20one%20way
2026-07-22T09:37:22+00:00,tpe,Taipei,TPE,SFO,2026-10-13,403,"Alaska, EVA Air",2,https://www.google.com/travel/flights?q=Flights%20from%20SFO%20to%20TPE%20on%202026-10-13%20one%20way
2026-07-22T15:55:45+00:00,tpe,Taipei,TPE,SFO,2026-10-19,428,Philippine Airlines,1,https://www.google.com/travel/flights?q=Flights%20from%20SFO%20to%20TPE%20on%202026-10-19%20one%20way
2026-07-21T20:56:05+00:00,tpe,Taipei,TPE,SFO,2026-10-23,480,Philippine Airlines,1,https://www.google.com/travel/flights?q=Flights%20from%20SFO%20to%20TPE%20on%202026-10-23%20one%20way
2026-07-22T00:12:17+00:00,tpe,Taipei,TPE,SFO,2026-10-28,491,?,Unknown,https://www.google.com/travel/flights?q=Flights%20from%20SFO%20to%20TPE%20on%202026-10-28%20one%20way
2026-07-22T09:37:22+00:00,tpe,Taipei,TPE,SFO,2026-11-06,480,Philippine Airlines,1,https://www.google.com/travel/flights?q=Flights%20from%20SFO%20to%20TPE%20on%202026-11-06%20one%20way
2026-07-22T15:55:45+00:00,tpe,Taipei,TPE,SFO,2026-11-12,428,Philippine Airlines,1,https://www.google.com/travel/flights?q=Flights%20from%20SFO%20to%20TPE%20on%202026-11-12%20one%20way
2026-07-21T20:56:05+00:00,tpe,Taipei,TPE,SFO,2026-11-16,428,Philippine Airlines,1,https://www.google.com/travel/flights?q=Flights%20from%20SFO%20to%20TPE%20on%202026-11-16%20one%20way
2026-07-22T00:12:17+00:00,tpe,Taipei,TPE,SFO,2026-11-21,480,?,Unknown,https://www.google.com/travel/flights?q=Flights%20from%20SFO%20to%20TPE%20on%202026-11-21%20one%20way
2026-07-22T09:37:22+00:00,tpe,Taipei,TPE,SFO,2026-11-30,501,?,Unknown,https://www.google.com/travel/flights?q=Flights%20from%20SFO%20to%20TPE%20on%202026-11-30%20one%20way
2026-07-22T15:55:45+00:00,tpe,Taipei,TPE,SFO,2026-12-06,508,Asiana Airlines,1,https://www.google.com/travel/flights?q=Flights%20from%20SFO%20to%20TPE%20on%202026-12-06%20one%20way
2026-07-21T20:56:05+00:00,tpe,Taipei,TPE,SFO,2026-12-10,546,?,Unknown,https://www.google.com/travel/flights?q=Flights%20from%20SFO%20to%20TPE%20on%202026-12-10%20one%20way
2026-07-22T00:12:17+00:00,tpe,Taipei,TPE,SFO,2026-12-15,763,"Korean Air, Asiana Airlines",1,https://www.google.com/travel/flights?q=Flights%20from%20SFO%20to%20TPE%20on%202026-12-15%20one%20way
2026-07-22T09:37:22+00:00,tpe,Taipei,TPE,SFO,2026-12-24,685,Asiana Airlines,1,https://www.google.com/travel/flights?q=Flights%20from%20SFO%20to%20TPE%20on%202026-12-24%20one%20way
2026-07-22T15:55:45+00:00,tpe,Taipei,TPE,SFO,2026-12-30,661,EVA Air,0,https://www.google.com/travel/flights?q=Flights%20from%20SFO%20to%20TPE%20on%202026-12-30%20one%20way
2026-07-21T20:56:05+00:00,tpe,Taipei,TPE,SFO,2027-01-03,571,United,0,https://www.google.com/travel/flights?q=Flights%20from%20SFO%20to%20TPE%20on%202027-01-03%20one%20way
2026-07-22T00:12:17+00:00,tpe,Taipei,TPE,SFO,2027-01-08,571,United,0,https://www.google.com/travel/flights?q=Flights%20from%20SFO%20to%20TPE%20on%202027-01-08%20one%20way
2026-07-22T09:37:22+00:00,tpe,Taipei,TPE,SFO,2027-01-17,508,Asiana Airlines,1,https://www.google.com/travel/flights?q=Flights%20from%20SFO%20to%20TPE%20on%202027-01-17%20one%20way
2026-07-22T15:55:45+00:00,tpe,Taipei,TPE,SFO,2027-01-23,480,Philippine Airlines,1,https://www.google.com/travel/flights?q=Flights%20from%20SFO%20to%20TPE%20on%202027-01-23%20one%20way
2026-07-21T20:56:05+00:00,tpe,Taipei,TPE,SFO,2027-01-27,428,?,Unknown,https://www.google.com/travel/flights?q=Flights%20from%20SFO%20to%20TPE%20on%202027-01-27%20one%20way
2026-07-22T00:12:17+00:00,tpe,Taipei,TPE,SFO,2027-02-01,428,Philippine Airlines,1,https://www.google.com/travel/flights?q=Flights%20from%20SFO%20to%20TPE%20on%202027-02-01%20one%20way
2026-07-22T09:37:22+00:00,tpe,Taipei,TPE,SFO,2027-02-10,428,Philippine Airlines,1,https://www.google.com/travel/flights?q=Flights%20from%20SFO%20to%20TPE%20on%202027-02-10%20one%20way
2026-07-22T15:55:45+00:00,tpe,Taipei,TPE,SFO,2027-02-16,428,Philippine Airlines,1,https://www.google.com/travel/flights?q=Flights%20from%20SFO%20to%20TPE%20on%202027-02-16%20one%20way
2026-07-21T20:56:05+00:00,tpe,Taipei,TPE,SFO,2027-02-20,480,Philippine Airlines,1,https://www.google.com/travel/flights?q=Flights%20from%20SFO%20to%20TPE%20on%202027-02-20%20one%20way
2026-07-22T00:12:17+00:00,tpe,Taipei,TPE,SFO,2027-02-25,428,?,Unknown,https://www.google.com/travel/flights?q=Flights%20from%20SFO%20to%20TPE%20on%202027-02-25%20one%20way
2026-07-22T09:37:22+00:00,tpe,Taipei,TPE,SFO,2027-03-06,480,?,Unknown,https://www.google.com/travel/flights?q=Flights%20from%20SFO%20to%20TPE%20on%202027-03-06%20one%20way
2026-07-22T15:55:45+00:00,tpe,Taipei,TPE,SFO,2027-03-12,480,Philippine Airlines,1,https://www.google.com/travel/flights?q=Flights%20from%20SFO%20to%20TPE%20on%202027-03-12%20one%20way
2026-07-21T20:56:05+00:00,tpe,Taipei,TPE,SFO,2027-03-16,428,?,Unknown,https://www.google.com/travel/flights?q=Flights%20from%20SFO%20to%20TPE%20on%202027-03-16%20one%20way
2026-07-22T00:12:17+00:00,tpe,Taipei,TPE,SFO,2027-03-21,428,Philippine Airlines,1,https://www.google.com/travel/flights?q=Flights%20from%20SFO%20to%20TPE%20on%202027-03-21%20one%20way
2026-07-22T09:37:22+00:00,tpe,Taipei,TPE,SFO,2027-03-30,428,Philippine Airlines,1,https://www.google.com/travel/flights?q=Flights%20from%20SFO%20to%20TPE%20on%202027-03-30%20one%20way
2026-07-22T15:55:45+00:00,tpe,Taipei,TPE,SFO,2027-04-05,428,Philippine Airlines,1,https://www.google.com/travel/flights?q=Flights%20from%20SFO%20to%20TPE%20on%202027-04-05%20one%20way
2026-07-21T20:56:05+00:00,tpe,Taipei,TPE,SFO,2027-04-09,480,?,Unknown,https://www.google.com/travel/flights?q=Flights%20from%20SFO%20to%20TPE%20on%202027-04-09%20one%20way
2026-07-22T00:12:17+00:00,tpe,Taipei,TPE,SFO,2027-04-14,389,?,Unknown,https://www.google.com/travel/flights?q=Flights%20from%20SFO%20to%20TPE%20on%202027-04-14%20one%20way
2026-07-22T09:37:22+00:00,tpe,Taipei,TPE,SFO,2027-04-23,460,"Alaska, EVA Air",2,https://www.google.com/travel/flights?q=Flights%20from%20SFO%20to%20TPE%20on%202027-04-23%20one%20way
2026-07-22T15:55:45+00:00,tpe,Taipei,TPE,SFO,2027-04-29,460,?,Unknown,https://www.google.com/travel/flights?q=Flights%20from%20SFO%20to%20TPE%20on%202027-04-29%20one%20way
2026-07-21T20:56:05+00:00,tpe,Taipei,TPE,SFO,2027-05-03,428,Philippine Airlines,1,https://www.google.com/travel/flights?q=Flights%20from%20SFO%20to%20TPE%20on%202027-05-03%20one%20way
2026-07-22T00:12:17+00:00,tpe,Taipei,TPE,SFO,2027-05-08,480,Philippine Airlines,1,https://www.google.com/travel/flights?q=Flights%20from%20SFO%20to%20TPE%20on%202027-05-08%20one%20way
2026-07-22T09:37:22+00:00,tpe,Taipei,TPE,SFO,2027-05-17,460,Philippine Airlines,1,https://www.google.com/travel/flights?q=Flights%20from%20SFO%20to%20TPE%20on%202027-05-17%20one%20way
2026-07-22T15:55:45+00:00,tpe,Taipei,TPE,SFO,2027-05-23,571,United,0,https://www.google.com/travel/flights?q=Flights%20from%20SFO%20to%20TPE%20on%202027-05-23%20one%20way
2026-07-21T20:56:05+00:00,tpe,Taipei,TPE,SFO,2027-05-27,690,Asiana Airlines,1,https://www.google.com/travel/flights?q=Flights%20from%20SFO%20to%20TPE%20on%202027-05-27%20one%20way
2026-07-22T00:12:17+00:00,tpe,Taipei,TPE,SFO,2027-06-01,690,Asiana Airlines,1,https://www.google.com/travel/flights?q=Flights%20from%20SFO%20to%20TPE%20on%202027-06-01%20one%20way
2026-07-22T09:37:22+00:00,tpe,Taipei,TPE,SFO,2027-06-10,691,Asiana Airlines,1,https://www.google.com/travel/flights?q=Flights%20from%20SFO%20to%20TPE%20on%202027-06-10%20one%20way
2026-07-22T00:12:17+00:00,tpe,Taipei,TPE,SJC,2026-07-24,661,?,Unknown,https://www.google.com/travel/flights?q=Flights%20from%20SJC%20to%20TPE%20on%202026-07-24%20one%20way
2026-07-22T09:37:22+00:00,tpe,Taipei,TPE,SJC,2026-08-02,527,?,Unknown,https://www.google.com/travel/flights?q=Flights%20from%20SJC%20to%20TPE%20on%202026-08-02%20one%20way
2026-07-22T15:55:45+00:00,tpe,Taipei,TPE,SJC,2026-08-08,487,"Alaska, JAL",2,https://www.google.com/travel/flights?q=Flights%20from%20SJC%20to%20TPE%20on%202026-08-08%20one%20way
2026-07-21T20:56:05+00:00,tpe,Taipei,TPE,SJC,2026-08-12,400,"Alaska, EVA Air",2,https://www.google.com/travel/flights?q=Flights%20from%20SJC%20to%20TPE%20on%202026-08-12%20one%20way
2026-07-22T00:12:17+00:00,tpe,Taipei,TPE,SJC,2026-08-17,400,?,Unknown,https://www.google.com/travel/flights?q=Flights%20from%20SJC%20to%20TPE%20on%202026-08-17%20one%20way
2026-07-22T09:37:22+00:00,tpe,Taipei,TPE,SJC,2026-08-26,319,?,Unknown,https://www.google.com/travel/flights?q=Flights%20from%20SJC%20to%20TPE%20on%202026-08-26%20one%20way
2026-07-22T15:55:45+00:00,tpe,Taipei,TPE,SJC,2026-09-01,439,"Alaska, JAL",2,https://www.google.com/travel/flights?q=Flights%20from%20SJC%20to%20TPE%20on%202026-09-01%20one%20way
2026-07-21T20:56:05+00:00,tpe,Taipei,TPE,SJC,2026-09-05,537,"Delta, Korean Air",2,https://www.google.com/travel/flights?q=Flights%20from%20SJC%20to%20TPE%20on%202026-09-05%20one%20way
2026-07-22T00:12:17+00:00,tpe,Taipei,TPE,SJC,2026-09-10,389,"Alaska, EVA Air",2,https://www.google.com/travel/flights?q=Flights%20from%20SJC%20to%20TPE%20on%202026-09-10%20one%20way
2026-07-22T09:37:22+00:00,tpe,Taipei,TPE,SJC,2026-09-19,515,?,Unknown,https://www.google.com/travel/flights?q=Flights%20from%20SJC%20to%20TPE%20on%202026-09-19%20one%20way
2026-07-22T15:55:45+00:00,tpe,Taipei,TPE,SJC,2026-09-25,527,Delta,1,https://www.google.com/travel/flights?q=Flights%20from%20SJC%20to%20TPE%20on%202026-09-25%20one%20way
2026-07-21T20:56:05+00:00,tpe,Taipei,TPE,SJC,2026-09-29,487,?,Unknown,https://www.google.com/travel/flights?q=Flights%20from%20SJC%20to%20TPE%20on%202026-09-29%20one%20way
2026-07-22T00:12:17+00:00,tpe,Taipei,TPE,SJC,2026-10-04,439,"Alaska, EVA Air",2,https://www.google.com/travel/flights?q=Flights%20from%20SJC%20to%20TPE%20on%202026-10-04%20one%20way
2026-07-22T09:37:22+00:00,tpe,Taipei,TPE,SJC,2026-10-13,510,"Alaska, JAL",2,https://www.google.com/travel/flights?q=Flights%20from%20SJC%20to%20TPE%20on%202026-10-13%20one%20way
2026-07-22T15:55:45+00:00,tpe,Taipei,TPE,SJC,2026-10-19,487,"Alaska, Jetstar",2,https://www.google.com/travel/flights?q=Flights%20from%20SJC%20to%20TPE%20on%202026-10-19%20one%20way
2026-07-21T20:56:05+00:00,tpe,Taipei,TPE,SJC,2026-10-23,528,Delta,1,https://www.google.com/travel/flights?q=Flights%20from%20SJC%20to%20TPE%20on%202026-10-23%20one%20way
2026-07-22T00:12:17+00:00,tpe,Taipei,TPE,SJC,2026-10-28,515,"Alaska, STARLUX Airlines",1,https://www.google.com/travel/flights?q=Flights%20from%20SJC%20to%20TPE%20on%202026-10-28%20one%20way
2026-07-22T09:37:22+00:00,tpe,Taipei,TPE,SJC,2026-11-06,528,?,Unknown,https://www.google.com/travel/flights?q=Flights%20from%20SJC%20to%20TPE%20on%202026-11-06%20one%20way
2026-07-22T15:55:45+00:00,tpe,Taipei,TPE,SJC,2026-11-12,528,Delta,1,https://www.google.com/travel/flights?q=Flights%20from%20SJC%20to%20TPE%20on%202026-11-12%20one%20way
2026-07-21T20:56:05+00:00,tpe,Taipei,TPE,SJC,2026-11-16,515,?,Unknown,https://www.google.com/travel/flights?q=Flights%20from%20SJC%20to%20TPE%20on%202026-11-16%20one%20way
2026-07-22T00:12:17+00:00,tpe,Taipei,TPE,SJC,2026-11-21,538,"Delta, Korean Air",2,https://www.google.com/travel/flights?q=Flights%20from%20SJC%20to%20TPE%20on%202026-11-21%20one%20way
2026-07-22T09:37:22+00:00,tpe,Taipei,TPE,SJC,2026-11-30,528,Delta,1,https://www.google.com/travel/flights?q=Flights%20from%20SJC%20to%20TPE%20on%202026-11-30%20one%20way
2026-07-22T15:55:45+00:00,tpe,Taipei,TPE,SJC,2026-12-06,542,?,Unknown,https://www.google.com/travel/flights?q=Flights%20from%20SJC%20to%20TPE%20on%202026-12-06%20one%20way
2026-07-21T20:56:05+00:00,tpe,Taipei,TPE,SJC,2026-12-10,737,?,Unknown,https://www.google.com/travel/flights?q=Flights%20from%20SJC%20to%20TPE%20on%202026-12-10%20one%20way
2026-07-22T00:12:17+00:00,tpe,Taipei,TPE,SJC,2026-12-15,824,?,Unknown,https://www.google.com/travel/flights?q=Flights%20from%20SJC%20to%20TPE%20on%202026-12-15%20one%20way
2026-07-22T09:37:22+00:00,tpe,Taipei,TPE,SJC,2026-12-24,889,?,Unknown,https://www.google.com/travel/flights?q=Flights%20from%20SJC%20to%20TPE%20on%202026-12-24%20one%20way
2026-07-22T15:55:45+00:00,tpe,Taipei,TPE,SJC,2026-12-30,688,Delta,1,https://www.google.com/travel/flights?q=Flights%20from%20SJC%20to%20TPE%20on%202026-12-30%20one%20way
2026-07-21T20:56:05+00:00,tpe,Taipei,TPE,SJC,2027-01-03,575,Delta,1,https://www.google.com/travel/flights?q=Flights%20from%20SJC%20to%20TPE%20on%202027-01-03%20one%20way
2026-07-22T00:12:17+00:00,tpe,Taipei,TPE,SJC,2027-01-08,575,Delta,1,https://www.google.com/travel/flights?q=Flights%20from%20SJC%20to%20TPE%20on%202027-01-08%20one%20way
2026-07-22T09:37:22+00:00,tpe,Taipei,TPE,SJC,2027-01-17,575,?,Unknown,https://www.google.com/travel/flights?q=Flights%20from%20SJC%20to%20TPE%20on%202027-01-17%20one%20way
2026-07-22T15:55:45+00:00,tpe,Taipei,TPE,SJC,2027-01-23,575,Delta,1,https://www.google.com/travel/flights?q=Flights%20from%20SJC%20to%20TPE%20on%202027-01-23%20one%20way
2026-07-21T20:56:05+00:00,tpe,Taipei,TPE,SJC,2027-01-27,575,Delta,1,https://www.google.com/travel/flights?q=Flights%20from%20SJC%20to%20TPE%20on%202027-01-27%20one%20way
2026-07-22T00:12:17+00:00,tpe,Taipei,TPE,SJC,2027-02-01,575,?,Unknown,https://www.google.com/travel/flights?q=Flights%20from%20SJC%20to%20TPE%20on%202027-02-01%20one%20way
2026-07-22T09:37:22+00:00,tpe,Taipei,TPE,SJC,2027-02-10,566,"Alaska, EVA Air",1,https://www.google.com/travel/flights?q=Flights%20from%20SJC%20to%20TPE%20on%202027-02-10%20one%20way
2026-07-22T15:55:45+00:00,tpe,Taipei,TPE,SJC,2027-02-16,575,?,Unknown,https://www.google.com/travel/flights?q=Flights%20from%20SJC%20to%20TPE%20on%202027-02-16%20one%20way
2026-07-21T20:56:05+00:00,tpe,Taipei,TPE,SJC,2027-02-20,575,?,Unknown,https://www.google.com/travel/flights?q=Flights%20from%20SJC%20to%20TPE%20on%202027-02-20%20one%20way
2026-07-22T00:12:17+00:00,tpe,Taipei,TPE,SJC,2027-02-25,575,?,Unknown,https://www.google.com/travel/flights?q=Flights%20from%20SJC%20to%20TPE%20on%202027-02-25%20one%20way
2026-07-22T09:37:22+00:00,tpe,Taipei,TPE,SJC,2027-03-06,586,?,Unknown,https://www.google.com/travel/flights?q=Flights%20from%20SJC%20to%20TPE%20on%202027-03-06%20one%20way
2026-07-22T15:55:45+00:00,tpe,Taipei,TPE,SJC,2027-03-12,619,?,Unknown,https://www.google.com/travel/flights?q=Flights%20from%20SJC%20to%20TPE%20on%202027-03-12%20one%20way
2026-07-21T20:56:05+00:00,tpe,Taipei,TPE,SJC,2027-03-16,575,?,Unknown,https://www.google.com/travel/flights?q=Flights%20from%20SJC%20to%20TPE%20on%202027-03-16%20one%20way
2026-07-22T00:12:17+00:00,tpe,Taipei,TPE,SJC,2027-03-21,614,"Alaska, EVA Air",1,https://www.google.com/travel/flights?q=Flights%20from%20SJC%20to%20TPE%20on%202027-03-21%20one%20way
2026-07-22T09:37:22+00:00,tpe,Taipei,TPE,SJC,2027-03-30,559,"Alaska, EVA Air",2,https://www.google.com/travel/flights?q=Flights%20from%20SJC%20to%20TPE%20on%202027-03-30%20one%20way
2026-07-22T15:55:45+00:00,tpe,Taipei,TPE,SJC,2027-04-05,575,Delta,1,https://www.google.com/travel/flights?q=Flights%20from%20SJC%20to%20TPE%20on%202027-04-05%20one%20way
2026-07-21T20:56:05+00:00,tpe,Taipei,TPE,SJC,2027-04-09,657,"Alaska, STARLUX Airlines",1,https://www.google.com/travel/flights?q=Flights%20from%20SJC%20to%20TPE%20on%202027-04-09%20one%20way
